rank,name,name_link,total_gross,total_thea,open_gross,open_thea,open_date,close_date,budget,studio,genre,runtime,MPAArating,Director_list,Director_links,Writer_list,Writer_links,Actor_list,Actor_links,Producer_list,Producer_links,Cinematographer_list,Cinematographer_links,Composer_list,Composer_links
1,Rogue One: A Star Wars Story,http://www.boxofficemojo.com//movies/?id=starwars2016.htm,532177324,4157,155081681,4157,12/16,5/4,$200 million,BV,Sci-Fi Adventure,2 hrs. 13 min.,PG-13,Gareth Edwards | ,/people/chart/?view=Director&id=garethedwards.htm | ,Chris Weitz | Tony Gilroy | ,/people/chart/?view=Writer&id=chrisweitz.htm | /people/chart/?view=Writer&id=tonygilroy.htm | ,Felicity Jones | Mads Mikkelsen | Alan Tudyk | Donnie Yen | Forest Whitaker | Diego Luna | Anthony Daniels* | ,/people/chart/?view=Actor&id=felicityjones.htm | /people/chart/?view=Actor&id=madsmikkelsen.htm | /people/chart/?view=Actor&id=alantudyk.htm | /people/chart/?view=Actor&id=donnieyen.htm | /people/chart/?view=Actor&id=forestwhitaker.htm | /people/chart/?view=Actor&id=diegoluna.htm | /people/chart/?view=Actor&id=anthonydaniels.htm | ,Kathleen Kennedy | ,/people/chart/?view=Producer&id=kathleenkennedy.htm | ,Greig Fraser | ,/people/chart/?view=Cinematographer&id=greigfraser.htm | ,Michael Giacchino | ,/people/chart/?view=Composer&id=michaelgiacchino.htm | 
3,Captain America: Civil War,http://www.boxofficemojo.com//movies/?id=marvel2016.htm,408084349,4226,179139142,4226,5/6,9/22,$250 million,BV,Action / Adventure,2 hrs. 27 min.,PG-13,Anthony Russo | Joe Russo | ,/people/chart/?view=Director&id=anthonyrusso.htm | /people/chart/?view=Director&id=joerusso.htm | ,Christopher Markus | Stephen McFeely | ,/people/chart/?view=Writer&id=christophermarkus.htm | /people/chart/?view=Writer&id=stephenmcfeely.htm | ,"Chris Evans | Robert Downey, Jr. | Scarlett Johansson | Sebastian Stan | Anthony Mackie | Paul Bettany | Jeremy Renner | Don Cheadle | Elizabeth Olsen | Paul Rudd | Chadwick Boseman | Frank Grillo | William Hurt | Martin Freeman | Tom Holland | Marisa Tomei | ",/people/chart/?view=Actor&id=chrisevans.htm | /people/chart/?view=Actor&id=robertdowneyjr.htm | /people/chart/?view=Actor&id=scarlettjohansson.htm | /people/chart/?view=Actor&id=sebastianstan.htm | /people/chart/?view=Actor&id=anthonymackie.htm | /people/chart/?view=Actor&id=paulbettany.htm | /people/chart/?view=Actor&id=jeremyrenner.htm | /people/chart/?view=Actor&id=doncheadle.htm | /people/chart/?view=Actor&id=elizabetholsen.htm | /people/chart/?view=Actor&id=paulrudd.htm | /people/chart/?view=Actor&id=chadwickboseman.htm | /people/chart/?view=Actor&id=frankgrillo.htm | /people/chart/?view=Actor&id=williamhurt.htm | /people/chart/?view=Actor&id=martinfreeman.htm | /people/chart/?view=Actor&id=tomholland.htm | /people/chart/?view=Actor&id=marisatomei.htm | ,Kevin Feige | ,/people/chart/?view=Producer&id=kevinfeige.htm | ,,,Henry Jackman | ,/people/chart/?view=Composer&id=henryjackman.htm | 
5,The Jungle Book (2016),http://www.boxofficemojo.com//movies/?id=junglebook2015.htm,364001123,4144,103261464,4028,4/15,9/29,$175 million,BV,Adventure,1 hrs. 45 min.,PG,Jon Favreau | ,/people/chart/?view=Director&id=jonfavreau.htm | ,Justin Marks | ,/people/chart/?view=Writer&id=justinmarks.htm | ,Scarlett Johansson | Idris Elba | Lupita Nyong'o | Ben Kingsley | Christopher Walken | Bill Murray | ,/people/chart/?view=Actor&id=scarlettjohansson.htm | /people/chart/?view=Actor&id=idriselba.htm | /people/chart/?view=Actor&id=lupitanyongo.htm | /people/chart/?view=Actor&id=benkingsley.htm | /people/chart/?view=Actor&id=christopherwalken.htm | /people/chart/?view=Actor&id=billmurray.htm | ,,,Bill Pope | ,/people/chart/?view=Cinematographer&id=billpope.htm | ,John Debney | ,/people/chart/?view=Composer&id=johndebney.htm | 
7,Zootopia,http://www.boxofficemojo.com//movies/?id=disney2016.htm,341268248,3959,75063401,3827,3/4,8/4,N/A,BV,Animation,1 hrs. 48 min.,PG,Rich Moore | ,/people/chart/?view=Director&id=richmoore.htm | ,,,Ginnifer Goodwin | Jason Bateman | Idris Elba | Octavia Spencer | Bonnie Hunt | Alan Tudyk | ,/people/chart/?view=Actor&id=ginnifergoodwin.htm | /people/chart/?view=Actor&id=jasonbateman.htm | /people/chart/?view=Actor&id=idriselba.htm | /people/chart/?view=Actor&id=octaviaspencer.htm | /people/chart/?view=Actor&id=bonniehunt.htm | /people/chart/?view=Actor&id=alantudyk.htm | ,,,,,Michael Giacchino | ,/people/chart/?view=Composer&id=michaelgiacchino.htm | 
9,Suicide Squad,http://www.boxofficemojo.com//movies/?id=dc2016.htm,325100054,4255,133682248,4255,8/5,11/10,$175 million,WB,Action / Adventure,2 hrs. 10 min.,PG-13,David Ayer | ,/people/chart/?view=Director&id=davidayer.htm | ,David Ayer | ,/people/chart/?view=Writer&id=davidayer.htm | ,Will Smith | Margot Robbie | Jared Leto | Jai Courtney | Cara Delevigne | Viola Davis | Common | Ben Affleck* | ,/people/chart/?view=Actor&id=willsmith.htm | /people/chart/?view=Actor&id=margotrobbie.htm | /people/chart/?view=Actor&id=jaredleto.htm | /people/chart/?view=Actor&id=jaicourtney.htm | /people/chart/?view=Actor&id=caradelevigne.htm | /people/chart/?view=Actor&id=violadavis.htm | /people/chart/?view=Actor&id=commonactor.htm | /people/chart/?view=Actor&id=benaffleck.htm | ,Charles Roven | Deborah Snyder | Zack Snyder | Colin Wilson | ,/people/chart/?view=Producer&id=charlesroven.htm | /people/chart/?view=Producer&id=deborahsnyder.htm | /people/chart/?view=Producer&id=zacksnyder.htm | /people/chart/?view=Producer&id=colinwilson.htm | ,,,Steven Price | ,/people/chart/?view=Composer&id=stevenprice.htm | 
11,Moana,http://www.boxofficemojo.com//movies/?id=disney1116.htm,248757044,3875,56631401,3875,11/23,4/27,N/A,BV,Animation,1 hrs. 43 min.,PG,,,,,Dwayne Johnson | Jemaine Clement | ,/people/chart/?view=Actor&id=rock.htm | /people/chart/?view=Actor&id=jemaineclement.htm | ,,,,,,
13,Doctor Strange,http://www.boxofficemojo.com//movies/?id=marvel716.htm,232641920,3882,85058311,3882,11/4,3/16,$165 million,BV,Action / Adventure,1 hrs. 55 min.,PG-13,Scott Derrickson | ,/people/chart/?view=Director&id=scottderrickson.htm | ,Jon Spaihts | Scott Derrickson | C. Robert Cargill | ,/people/chart/?view=Writer&id=jonspaihts.htm | /people/chart/?view=Writer&id=scottderrickson.htm | /people/chart/?view=Writer&id=crobertcargill.htm | ,Benedict Cumberbatch | Tilda Swinton | Chiwetel Ejiofor | Rachel McAdams | Mads Mikkelsen | ,/people/chart/?view=Actor&id=benedictcumberbatch.htm | /people/chart/?view=Actor&id=tildaswinton.htm | /people/chart/?view=Actor&id=chiwetelejiofor.htm | /people/chart/?view=Actor&id=rachelmcadams.htm | /people/chart/?view=Actor&id=madsmikkelsen.htm | ,Kevin Feige | ,/people/chart/?view=Producer&id=kevinfeige.htm | ,,,Michael Giacchino | ,/people/chart/?view=Composer&id=michaelgiacchino.htm | 
15,Jason Bourne,http://www.boxofficemojo.com//movies/?id=bourne5.htm,162434410,4039,59215365,4026,7/29,12/22,$120 million,Uni.,Action,2 hrs. 3 min.,PG-13,Paul Greengrass | ,/people/chart/?view=Director&id=paulgreengrass.htm | ,,,Matt Damon | Tommy Lee Jones | Julia Stiles | Alicia Vikander | ,/people/chart/?view=Actor&id=mattdamon.htm | /people/chart/?view=Actor&id=tommyleejones.htm | /people/chart/?view=Actor&id=juliastiles.htm | /people/chart/?view=Actor&id=aliciavikander.htm | ,Matt Damon | Paul Greengrass | Frank Marshall | ,/people/chart/?view=Producer&id=mattdamon.htm | /people/chart/?view=Producer&id=paulgreengrass.htm | /people/chart/?view=Producer&id=frankmarshall.htm | ,,,David Buckley | John Powell | ,/people/chart/?view=Composer&id=davidbuckley.htm | /people/chart/?view=Composer&id=johnpowell.htm | 
17,X-Men: Apocalypse,http://www.boxofficemojo.com//movies/?id=x-men2016.htm,155442489,4153,65769562,4150,5/27,7/28,$178 million,Fox,Action / Adventure,2 hrs. 23 min.,PG-13,Bryan Singer | ,/people/chart/?view=Director&id=bryansinger.htm | ,Simon Kinberg | ,/people/chart/?view=Writer&id=simonkinberg.htm | ,James McAvoy | Michael Fassbender | Jennifer Lawrence | Oscar Isaac | Nicholas Hoult | Rose Byrne | Tye Sheridan | Kodi Smit-McPhee | Hugh Jackman* | ,/people/chart/?view=Actor&id=jamesmcavoy.htm | /people/chart/?view=Actor&id=michaelfassbender.htm | /people/chart/?view=Actor&id=jenniferlawrence.htm | /people/chart/?view=Actor&id=oscarisaac.htm | /people/chart/?view=Actor&id=nicholashoult.htm | /people/chart/?view=Actor&id=rosebyrne.htm | /people/chart/?view=Actor&id=tyesheridan.htm | /people/chart/?view=Actor&id=kodismitmcphee.htm | /people/chart/?view=Actor&id=hughjackman.htm | ,Lauren Schuler Donner | Simon Kinberg | Hutch Parker | Bryan Singer | ,/people/chart/?view=Producer&id=laurenschulerdonner.htm | /people/chart/?view=Producer&id=simonkinberg.htm | /people/chart/?view=Producer&id=hutchparker.htm | /people/chart/?view=Producer&id=bryansinger.htm | ,,,,
19,La La Land,http://www.boxofficemojo.com//movies/?id=lalaland.htm,151101803,3236,881104,5,12/25,4/27,$30 million,LG/S,Musical,2 hrs. 8 min.,PG-13,Damien Chazelle | ,/people/chart/?view=Director&id=damienchazelle.htm | ,Damien Chazelle | ,/people/chart/?view=Writer&id=damienchazelle.htm | ,Ryan Gosling | Emma Stone | ,/people/chart/?view=Actor&id=ryangosling.htm | /people/chart/?view=Actor&id=emmastone.htm | ,Marc Platt | ,/people/chart/?view=Producer&id=marcplatt.htm | ,,,,
21,Ghostbusters (2016),http://www.boxofficemojo.com//movies/?id=ghostbusters2016.htm,128350574,3963,46018755,3963,7/15,11/10,$144 million,Sony,Horror Comedy,1 hrs. 48 min.,PG-13,Paul Feig | ,/people/chart/?view=Director&id=paulfeig.htm | ,Katie Dippold | Paul Feig | ,/people/chart/?view=Writer&id=katiedippold.htm | /people/chart/?view=Writer&id=paulfeig.htm | ,Sigourney Weaver* | Melissa McCarthy | Kristen Wiig | Michael K. Williams | Chris Hemsworth | ,/people/chart/?view=Actor&id=sigourneyweaver.htm | /people/chart/?view=Actor&id=melissamccarthy.htm | /people/chart/?view=Actor&id=kristenwiig.htm | /people/chart/?view=Actor&id=michaelkwilliams.htm | /people/chart/?view=Actor&id=chrishemsworth.htm | ,Ivan Reitman | ,/people/chart/?view=Producer&id=ivanreitman.htm | ,,,,
23,The Legend of Tarzan,http://www.boxofficemojo.com//movies/?id=tarzan2016.htm,126643061,3591,38527856,3561,7/1,9/15,$180 million,WB,Action / Adventure,1 hrs. 49 min.,PG-13,David Yates | ,/people/chart/?view=Director&id=davidyates.htm | ,,,Alexander Skarsgård | Samuel L. Jackson | Margot Robbie | Christoph Waltz | Djimon Hounsou | ,/people/chart/?view=Actor&id=alexanderskarsgard.htm | /people/chart/?view=Actor&id=samuelljackson.htm | /people/chart/?view=Actor&id=margotrobbie.htm | /people/chart/?view=Actor&id=christophwaltz.htm | /people/chart/?view=Actor&id=djimonhounsou.htm | ,,,,,Rupert Gregson-Williams | ,/people/chart/?view=Composer&id=rupertgregsonwilliams.htm | 
25,Bad Moms,http://www.boxofficemojo.com//movies/?id=untitledlucasmoore.htm,113257297,3215,23817340,3215,7/29,10/27,$20 million,STX,Comedy,1 hrs. 41 min.,R,Jon Lucas | Scott Moore | ,/people/chart/?view=Director&id=jonlucas.htm | /people/chart/?view=Director&id=scottmoore.htm | ,Jon Lucas | Scott Moore | ,/people/chart/?view=Writer&id=jonlucas.htm | /people/chart/?view=Writer&id=scottmoore.htm | ,Mila Kunis | Kristen Bell | Christina Applegate | Jada Pinkett-Smith | Clark Duke | ,/people/chart/?view=Actor&id=milakunis.htm | /people/chart/?view=Actor&id=kristenbell.htm | /people/chart/?view=Actor&id=christinaapplegate.htm | /people/chart/?view=Actor&id=jadapinkett.htm | /people/chart/?view=Actor&id=clarkduke.htm | ,,,,,,
27,Independence Day: Resurgence,http://www.boxofficemojo.com//movies/?id=id42.htm,103144286,4130,41039944,4130,6/24,9/15,$165 million,Fox,Sci-Fi Adventure,2 hrs. 0 min.,PG-13,Roland Emmerich | ,/people/chart/?view=Director&id=rolandemmerich.htm | ,,,Liam Hemsworth | Jeff Goldblum | Joey King | ,/people/chart/?view=Actor&id=liamhemsworth.htm | /people/chart/?view=Actor&id=jeffgoldblum.htm | /people/chart/?view=Actor&id=joeyking.htm | ,Dean Devlin | Roland Emmerich | Harald Kloser | ,/people/chart/?view=Producer&id=deandevlin.htm | /people/chart/?view=Producer&id=rolandemmerich.htm | /people/chart/?view=Producer&id=haraldkloser.htm | ,,,,
29,Arrival,http://www.boxofficemojo.com//movies/?id=arrival2016.htm,100546139,3115,24074047,2317,11/11,3/9,$47 million,Par.,Sci-Fi,1 hrs. 56 min.,PG-13,Denis Villeneuve | ,/people/chart/?view=Director&id=denisvilleneuve.htm | ,,,Amy Adams | Jeremy Renner | Forest Whitaker | ,/people/chart/?view=Actor&id=amyadams.htm | /people/chart/?view=Actor&id=jeremyrenner.htm | /people/chart/?view=Actor&id=forestwhitaker.htm | ,,,,,,
31,Sausage Party,http://www.boxofficemojo.com//movies/?id=sausageparty.htm,97685686,3135,34263534,3103,8/12,12/22,$19 million,Sony,Animation,1 hrs. 29 min.,R,Conrad Vernon | ,/people/chart/?view=Director&id=conradvernon.htm | ,Evan Goldberg | Seth Rogen | ,/people/chart/?view=Writer&id=evangoldberg.htm | /people/chart/?view=Writer&id=sethrogen.htm | ,Seth Rogen | Kristen Wiig | Salma Hayek | Edward Norton | Michael Cera | James Franco | Jonah Hill | Paul Rudd | Danny McBride | ,/people/chart/?view=Actor&id=sethrogen.htm | /people/chart/?view=Actor&id=kristenwiig.htm | /people/chart/?view=Actor&id=salmahayek.htm | /people/chart/?view=Actor&id=edwardnorton.htm | /people/chart/?view=Actor&id=michaelcera.htm | /people/chart/?view=Actor&id=jamesfranco.htm | /people/chart/?view=Actor&id=jonahhill.htm | /people/chart/?view=Actor&id=paulrudd.htm | /people/chart/?view=Actor&id=dannymcbride.htm | ,Megan Ellison | Evan Goldberg | Jonah Hill | Seth Rogen | Conrad Vernon | ,/people/chart/?view=Producer&id=meganellison.htm | /people/chart/?view=Producer&id=evangoldberg.htm | /people/chart/?view=Producer&id=jonahhill.htm | /people/chart/?view=Producer&id=sethrogen.htm | /people/chart/?view=Producer&id=conradvernon.htm | ,,,Alan Menken | ,/people/chart/?view=Composer&id=alanmenken.htm | 
33,Ride Along 2,http://www.boxofficemojo.com//movies/?id=ridealong2.htm,91221830,3192,35243095,3175,1/15,6/16,$40 million,Uni.,Action Comedy,1 hrs. 41 min.,PG-13,Tim Story | ,/people/chart/?view=Director&id=timstory.htm | ,Phil Hay | Matt Manfredi | ,/people/chart/?view=Writer&id=philhay.htm | /people/chart/?view=Writer&id=mattmanfredi.htm | ,Kevin Hart | Ice Cube | Benjamin Bratt | Tyrese Gibson | ,/people/chart/?view=Actor&id=kevinhart.htm | /people/chart/?view=Actor&id=icecube.htm | /people/chart/?view=Actor&id=benjaminbratt.htm | /people/chart/?view=Actor&id=tyresegibson.htm | ,Ice Cube | Will Packer | ,/people/chart/?view=Producer&id=icecube.htm | /people/chart/?view=Producer&id=willpacker.htm | ,,,,
35,Miss Peregrine's Home for Peculiar Children,http://www.boxofficemojo.com//movies/?id=peregrine.htm,87242834,3835,28871140,3522,9/30,2/9,$110 million,Fox,Fantasy,2 hrs. 7 min.,PG-13,Tim Burton | ,/people/chart/?view=Director&id=timburton.htm | ,,,Eva Green | Allison Janney | Judi Dench | Samuel L. Jackson | ,/people/chart/?view=Actor&id=evagreen.htm | /people/chart/?view=Actor&id=allisonjanney.htm | /people/chart/?view=Actor&id=judidench.htm | /people/chart/?view=Actor&id=samuelljackson.htm | ,Peter Chernin | ,/people/chart/?view=Producer&id=peterchernin.htm | ,,,Danny Elfman | ,/people/chart/?view=Composer&id=dannyelfman.htm | 
37,Teenage Mutant Ninja Turtles: Out of the Shadows,http://www.boxofficemojo.com//movies/?id=tmnt2016.htm,82051601,4071,35316382,4071,6/3,9/8,$135 million,Par.,Action / Adventure,1 hrs. 52 min.,PG-13,Dave Green | ,/people/chart/?view=Director&id=davegreen.htm | ,,,Megan Fox | Laura Linney | Tyler Perry | ,/people/chart/?view=Actor&id=meganfox.htm | /people/chart/?view=Actor&id=lauralinney.htm | /people/chart/?view=Actor&id=tylerperry.htm | ,Michael Bay | Andrew Form | Brad Fuller | Scott Mednick | ,/people/chart/?view=Producer&id=michaelbay.htm | /people/chart/?view=Producer&id=andrewform.htm | /people/chart/?view=Producer&id=bradfuller.htm | /people/chart/?view=Producer&id=scottmednick.htm | ,,,Steve Jablonsky | ,/people/chart/?view=Composer&id=stevejablonsky.htm | 
39,Alice Through the Looking Glass,http://www.boxofficemojo.com//movies/?id=alice2.htm,77041381,3763,26858726,3763,5/27,9/1,$170 million,BV,Family Adventure,1 hrs. 52 min.,PG,,,Linda Woolverton | ,/people/chart/?view=Writer&id=lindawoolverton.htm | ,Johnny Depp | Anne Hathaway | Mia Wasikowska | Helena Bonham Carter | Rhys Ifans | Alan Rickman | Sacha Baron Cohen | ,/people/chart/?view=Actor&id=johnnydepp.htm | /people/chart/?view=Actor&id=annehathaway.htm | /people/chart/?view=Actor&id=miawasikowska.htm | /people/chart/?view=Actor&id=helenabonhamcarter.htm | /people/chart/?view=Actor&id=rhysifans.htm | /people/chart/?view=Actor&id=alanrickman.htm | /people/chart/?view=Actor&id=sachabaroncohen.htm | ,Tim Burton | Joe Roth | ,/people/chart/?view=Producer&id=timburton.htm | /people/chart/?view=Producer&id=joeroth.htm | ,,,Danny Elfman | ,/people/chart/?view=Composer&id=dannyelfman.htm | 
41,The Girl on the Train (2016),http://www.boxofficemojo.com//movies/?id=thegirlonthetrain2016.htm,75395035,3241,24536265,3144,10/7,12/29,$45 million,Uni.,Thriller,1 hrs. 52 min.,R,Tate Taylor | ,/people/chart/?view=Director&id=tatetaylor.htm | ,,,Emily Blunt | Rebecca Ferguson | Luke Evans | Allison Janney | Edgar Ramirez | Lisa Kudrow | ,/people/chart/?view=Actor&id=emilyblunt.htm | /people/chart/?view=Actor&id=rebeccaferguson.htm | /people/chart/?view=Actor&id=lukeevans.htm | /people/chart/?view=Actor&id=allisonjanney.htm | /people/chart/?view=Actor&id=edgarramirez.htm | /people/chart/?view=Actor&id=lisakudrow.htm | ,Marc Platt | ,/people/chart/?view=Producer&id=marcplatt.htm | ,Charlotte Bruus Christensen | ,/people/chart/?view=Cinematographer&id=charlottebruuschristensen.htm | ,,
43,Storks,http://www.boxofficemojo.com//movies/?id=storks.htm,72679278,3922,21311407,3922,9/23,1/12,$70 million,WB,Animation,1 hrs. 29 min.,PG,Nick Stoller | ,/people/chart/?view=Director&id=nickstoller.htm | ,Nick Stoller | ,/people/chart/?view=Writer&id=nickstoller.htm | ,Andy Samberg | Jennifer Aniston | Ty Burrell | Kelsey Grammer | Jordan Peele | ,/people/chart/?view=Actor&id=andysamberg.htm | /people/chart/?view=Actor&id=jenniferaniston.htm | /people/chart/?view=Actor&id=tyburrell.htm | /people/chart/?view=Actor&id=kelseygrammer.htm | /people/chart/?view=Actor&id=jordanpeele.htm | ,Brad Lewis | Nick Stoller | ,/people/chart/?view=Producer&id=bradlewis.htm | /people/chart/?view=Producer&id=nickstoller.htm | ,,,,
45,Lights Out,http://www.boxofficemojo.com//movies/?id=newline0116.htm,67268835,2835,21688103,2818,7/22,9/29,$4.9 million,WB (NL),Horror,1 hrs. 21 min.,PG-13,David F. Sandberg | ,/people/chart/?view=Director&id=davidsandberg.htm | ,Eric Heisserer | ,/people/chart/?view=Writer&id=ericheisserer.htm | ,Teresa Palmer | Billy Burke | Maria Bello | ,/people/chart/?view=Actor&id=teresapalmer.htm | /people/chart/?view=Actor&id=billyburke.htm | /people/chart/?view=Actor&id=mariabello.htm | ,Eric Heisserer | James Wan | ,/people/chart/?view=Producer&id=ericheisserer.htm | /people/chart/?view=Producer&id=jameswan.htm | ,,,,
47,The Divergent Series: Allegiant,http://www.boxofficemojo.com//movies/?id=allegiant.htm,66184051,3740,29027348,3740,3/18,6/2,N/A,LG/S,Action / Adventure,2 hrs. 1 min.,PG-13,Robert Schwentke | ,/people/chart/?view=Director&id=robertschwentke.htm | ,,,Ansel Elgort | Theo James | Octavia Spencer | Ray Stevenson | Miles Teller | Naomi Watts | Shailene Woodley | ,/people/chart/?view=Actor&id=anselelgort.htm | /people/chart/?view=Actor&id=theojames.htm | /people/chart/?view=Actor&id=octaviaspencer.htm | /people/chart/?view=Actor&id=raystevenson.htm | /people/chart/?view=Actor&id=milesteller.htm | /people/chart/?view=Actor&id=naomiwatts.htm | /people/chart/?view=Actor&id=shailenewoodley.htm | ,Lucy Fisher | Douglas Wick | ,/people/chart/?view=Producer&id=lucyfisher.htm | /people/chart/?view=Producer&id=douglaswick.htm | ,,,,
49,Ice Age: Collision Course,http://www.boxofficemojo.com//movies/?id=iceage5.htm,64063008,3997,21373064,3992,7/22,11/3,$105 million,Fox,Animation,1 hrs. 34 min.,PG,,,,,Adam DeVine | John Leguizamo | Queen Latifah | Simon Pegg | Jennifer Lopez | ,/people/chart/?view=Actor&id=adamdevine.htm | /people/chart/?view=Actor&id=johnleguizamo.htm | /people/chart/?view=Actor&id=queenlatifah.htm | /people/chart/?view=Actor&id=simonpegg.htm | /people/chart/?view=Actor&id=jenniferlopez.htm | ,,,,,,
51,London Has Fallen,http://www.boxofficemojo.com//movies/?id=londonhasfallen.htm,62524260,3492,21635601,3490,3/4,6/2,$60 million,Focus,Action,1 hrs. 39 min.,R,,,,,Angela Bassett | Gerard Butler | Aaron Eckhart | Morgan Freeman | Jackie Earle Haley | Melissa Leo | Radha Mitchell | ,/people/chart/?view=Actor&id=angelabassett.htm | /people/chart/?view=Actor&id=gerardbutler.htm | /people/chart/?view=Actor&id=aaroneckhart.htm | /people/chart/?view=Actor&id=morganfreeman.htm | /people/chart/?view=Actor&id=jackieearlehaley.htm | /people/chart/?view=Actor&id=melissaleo.htm | /people/chart/?view=Actor&id=radhamitchell.htm | ,Peter Schlessel | ,/people/chart/?view=Producer&id=peterschlessel.htm | ,,,,
53,Deepwater Horizon,http://www.boxofficemojo.com//movies/?id=deepwaterhorizon.htm,61433527,3403,20223544,3259,9/30,12/15,$110 million,LG/S,Action Drama,1 hrs. 47 min.,PG-13,Peter Berg | ,/people/chart/?view=Director&id=peterberg.htm | ,Matthew Michael Carnahan | ,/people/chart/?view=Writer&id=mmcarnahan.htm | ,Mark Wahlberg | Kurt Russell | Gina Rodriguez | John Malkovich | Kate Hudson | Peter Berg | ,/people/chart/?view=Actor&id=markwahlberg.htm | /people/chart/?view=Actor&id=kurtrussell.htm | /people/chart/?view=Actor&id=ginarodriguez.htm | /people/chart/?view=Actor&id=johnmalkovich.htm | /people/chart/?view=Actor&id=katehudson.htm | /people/chart/?view=Actor&id=peterberg.htm | ,Lorenzo di Bonaventura | Mark Vahradian | ,/people/chart/?view=Producer&id=lorenzodibonaventura.htm | /people/chart/?view=Producer&id=markvahradian.htm | ,,,Steve Jablonsky | ,/people/chart/?view=Composer&id=stevejablonsky.htm | 
55,My Big Fat Greek Wedding 2,http://www.boxofficemojo.com//movies/?id=mybigfatgreekwedding2.htm,59689605,3179,17861950,3133,3/25,5/26,N/A,Uni.,Comedy,1 hrs. 34 min.,PG-13,Kirk Jones | ,/people/chart/?view=Director&id=kirkjones.htm | ,,,John Corbett | Nia Vardalos | ,/people/chart/?view=Actor&id=johncorbett.htm | /people/chart/?view=Actor&id=niavardalos.htm | ,,,,,,
57,Fences,http://www.boxofficemojo.com//movies/?id=fences.htm,57682904,2368,129462,4,12/25,3/30,$24 million,Par.,Drama,2 hrs. 18 min.,PG-13,Denzel Washington | ,/people/chart/?view=Director&id=denzelwashington.htm | ,,,Denzel Washington | Viola Davis | ,/people/chart/?view=Actor&id=denzelwashington.htm | /people/chart/?view=Actor&id=violadavis.htm | ,,,Charlotte Bruus Christensen | ,/people/chart/?view=Cinematographer&id=charlottebruuschristensen.htm | ,,
59,The BFG,http://www.boxofficemojo.com//movies/?id=bfg.htm,55483770,3392,18775350,3357,7/1,10/13,$140 million,BV,Adventure,1 hrs. 57 min.,PG,Steven Spielberg | ,/people/chart/?view=Director&id=stevenspielberg.htm | ,,,Mark Rylance | Rebecca Hall | Jemaine Clement | ,/people/chart/?view=Actor&id=markrylance.htm | /people/chart/?view=Actor&id=rebeccahall.htm | /people/chart/?view=Actor&id=jemaineclement.htm | ,Frank Marshall | Steven Spielberg | ,/people/chart/?view=Producer&id=frankmarshall.htm | /people/chart/?view=Producer&id=stevenspielberg.htm | ,,,John Williams | ,/people/chart/?view=Composer&id=johnwilliams.htm | 
61,The Shallows,http://www.boxofficemojo.com//movies/?id=theshallows.htm,55124043,2962,16800868,2962,6/24,9/29,$17 million,Sony,Horror,1 hrs. 25 min.,PG-13,Jaume Collet-Serra | ,/people/chart/?view=Director&id=jaumecolletserra.htm | ,,,Blake Lively | ,/people/chart/?view=Actor&id=blakelively.htm | ,,,,,,
63,Assassin's Creed,http://www.boxofficemojo.com//movies/?id=assassinscreed.htm,54647948,2996,10278225,2970,12/21,3/9,$125 million,Fox,Action,2 hrs. 20 min.,PG-13,,,Michael Lesslie | Adam Cooper | Bill Collage | ,/people/chart/?view=Writer&id=michaellesslie.htm | /people/chart/?view=Writer&id=adamcooper.htm | /people/chart/?view=Writer&id=billcollage.htm | ,Michael Fassbender | Marion Cotillard | Jeremy Irons | Brendan Gleeson | Michael K. Williams | ,/people/chart/?view=Actor&id=michaelfassbender.htm | /people/chart/?view=Actor&id=marioncotillard.htm | /people/chart/?view=Actor&id=jeremyirons.htm | /people/chart/?view=Actor&id=brendangleeson.htm | /people/chart/?view=Actor&id=michaelkwilliams.htm | ,Patrick Crowley | Michael Fassbender | Frank Marshall | Arnon Milchan | ,/people/chart/?view=Producer&id=patrickcrowley.htm | /people/chart/?view=Producer&id=michaelfassbender.htm | /people/chart/?view=Producer&id=frankmarshall.htm | /people/chart/?view=Producer&id=arnonmilchan.htm | ,,,,
65,13 Hours: The Secret Soldiers of Benghazi,http://www.boxofficemojo.com//movies/?id=13hoursthesecretsoldiersofbenghazi.htm,52853219,2917,16194738,2389,1/15,3/24,$50 million,Par.,Drama,2 hrs. 24 min.,R,Michael Bay | ,/people/chart/?view=Director&id=michaelbay.htm | ,,,John Krasinski | ,/people/chart/?view=Actor&id=johnkrasinski.htm | ,,,,,,
67,Kubo and the Two Strings,http://www.boxofficemojo.com//movies/?id=kuboandthetwostrings.htm,48023088,3279,12608372,3260,8/19,12/1,$60 million,Focus,Animation,1 hrs. 41 min.,PG,Travis Knight | ,/people/chart/?view=Director&id=travisknight.htm | ,,,Matthew McConaughey | Charlize Theron | Rooney Mara | Ralph Fiennes | ,/people/chart/?view=Actor&id=matthewmcconaughey.htm | /people/chart/?view=Actor&id=charlizetheron.htm | /people/chart/?view=Actor&id=rooneymara.htm | /people/chart/?view=Actor&id=ralphfiennes.htm | ,,,,,Dario Marianelli | ,/people/chart/?view=Composer&id=dariomarianelli.htm | 
69,Warcraft,http://www.boxofficemojo.com//movies/?id=warcraft.htm,47365290,3406,24166110,3400,6/10,9/8,$160 million,Uni.,Fantasy,2 hrs. 3 min.,PG-13,Duncan Jones | ,/people/chart/?view=Director&id=duncanjones.htm | ,Duncan Jones | Charles Leavitt | ,/people/chart/?view=Writer&id=duncanjones.htm | /people/chart/?view=Writer&id=charlesleavitt.htm | ,Ben Foster | Paula Patton | Dominic Cooper | ,/people/chart/?view=Actor&id=benfoster.htm | /people/chart/?view=Actor&id=paulapatton.htm | /people/chart/?view=Actor&id=dominiccooper.htm | ,Jon Jashni | Charles Roven | Thomas Tull | ,/people/chart/?view=Producer&id=jonjashni.htm | /people/chart/?view=Producer&id=charlesroven.htm | /people/chart/?view=Producer&id=thomastull.htm | ,,,,
71,Mike and Dave Need Wedding Dates,http://www.boxofficemojo.com//movies/?id=mikeanddave.htm,46009673,3008,16628170,2982,7/8,10/13,$33 million,Fox,Comedy,1 hrs. 38 min.,R,,,,,Adam DeVine | Zac Efron | Anna Kendrick | Aubrey Plaza | ,/people/chart/?view=Actor&id=adamdevine.htm | /people/chart/?view=Actor&id=zacefron.htm | /people/chart/?view=Actor&id=annakendrick.htm | /people/chart/?view=Actor&id=aubreyplaza.htm | ,,,,,,
73,Almost Christmas,http://www.boxofficemojo.com//movies/?id=ameyerschristmas.htm,42065185,2379,15134235,2376,11/11,1/5,$17 million,Uni.,Comedy,1 hrs. 52 min.,PG-13,,,,,Danny Glover | Omar Epps | Mo'Nique | ,/people/chart/?view=Actor&id=dannyglover.htm | /people/chart/?view=Actor&id=omarepps.htm | /people/chart/?view=Actor&id=monique.htm | ,Will Packer | ,/people/chart/?view=Producer&id=willpacker.htm | ,,,,
75,Allied,http://www.boxofficemojo.com//movies/?id=pittcotillard.htm,40098064,3160,12701743,3160,11/23,1/26,$85 million,Par.,Romantic Thriller,2 hrs. 1 min.,R,Robert Zemeckis | ,/people/chart/?view=Director&id=robertzemeckis.htm | ,Steven Knight | ,/people/chart/?view=Writer&id=stevenknight.htm | ,Marion Cotillard | Brad Pitt | ,/people/chart/?view=Actor&id=marioncotillard.htm | /people/chart/?view=Actor&id=bradpitt.htm | ,,,,,Alan Silvestri | ,/people/chart/?view=Composer&id=alansilvestri.htm | 
77,Risen,http://www.boxofficemojo.com//movies/?id=risen.htm,36880033,2915,11801271,2915,2/19,5/19,$20 million,Sony,Action / Adventure,1 hrs. 47 min.,PG-13,Kevin Reynolds | ,/people/chart/?view=Director&id=kevinreynolds.htm | ,,,,,,,,,,
79,The Boy (2016),http://www.boxofficemojo.com//movies/?id=boy2016.htm,35819556,2671,10778392,2671,1/22,3/31,$10 million,STX,Horror,1 hrs. 38 min.,PG-13,William Brent Bell | ,/people/chart/?view=Director&id=williambrentbell.htm | ,,,,,,,Daniel Pearl | ,/people/chart/?view=Cinematographer&id=danielpearl.htm | ,,
81,Ouija: Origin of Evil,http://www.boxofficemojo.com//movies/?id=blumhouse3.htm,35144505,3168,14065500,3167,10/21,12/29,$9 million,Uni.,Horror,1 hrs. 39 min.,PG-13,Mike Flanagan | ,/people/chart/?view=Director&id=mikeflanagan.htm | ,Mike Flanagan | Jeff Howard | ,/people/chart/?view=Writer&id=mikeflanagan.htm | /people/chart/?view=Writer&id=jeffhoward.htm | ,,,Michael Bay | Jason Blum | Andrew Form | Brad Fuller | ,/people/chart/?view=Producer&id=michaelbay.htm | /people/chart/?view=Producer&id=jasonblum.htm | /people/chart/?view=Producer&id=andrewform.htm | /people/chart/?view=Producer&id=bradfuller.htm | ,,,,
83,Inferno,http://www.boxofficemojo.com//movies/?id=inferno2015.htm,34343574,3576,14860425,3576,10/28,1/19,$75 million,Sony,Thriller,2 hrs. 1 min.,PG-13,Ron Howard | ,/people/chart/?view=Director&id=ronhoward.htm | ,David Koepp | ,/people/chart/?view=Writer&id=davidkoepp.htm | ,Tom Hanks | Felicity Jones | Irrfan Khan | Ben Foster | Omar Sy | Ben Foster | ,/people/chart/?view=Actor&id=tomhanks.htm | /people/chart/?view=Actor&id=felicityjones.htm | /people/chart/?view=Actor&id=irrfankhan.htm | /people/chart/?view=Actor&id=benfoster.htm | /people/chart/?view=Actor&id=omarsy.htm | /people/chart/?view=Actor&id=benfoster.htm | ,Brian Grazer | Ron Howard | ,/people/chart/?view=Producer&id=briangrazer.htm | /people/chart/?view=Producer&id=ronhoward.htm | ,,,Hans Zimmer | ,/people/chart/?view=Composer&id=hanszimmer.htm | 
85,Gods of Egypt,http://www.boxofficemojo.com//movies/?id=godsofegypt.htm,31153464,3117,14123903,3117,2/26,5/12,$140 million,LG/S,Action / Adventure,2 hrs. 7 min.,PG-13,Alex Proyas | ,/people/chart/?view=Director&id=alexproyas.htm | ,Matt Sazama | Burk Sharpless | ,/people/chart/?view=Writer&id=mattsazama.htm | /people/chart/?view=Writer&id=burksharpless.htm | ,Gerard Butler | Geoffrey Rush | ,/people/chart/?view=Actor&id=gerardbutler.htm | /people/chart/?view=Actor&id=geoffreyrush.htm | ,Stephen Jones | Alex Proyas | ,/people/chart/?view=Producer&id=stephenjones.htm | /people/chart/?view=Producer&id=alexproyas.htm | ,,,,
87,"Hail, Caesar!",http://www.boxofficemojo.com//movies/?id=hailcaesar.htm,30498085,2248,11355225,2232,2/5,6/30,$22 million,Uni.,Comedy,1 hrs. 40 min.,PG-13,Ethan Coen | Joel Coen | ,/people/chart/?view=Director&id=ethancoen.htm | /people/chart/?view=Director&id=joelcoen.htm | ,Ethan Coen | Joel Coen | ,/people/chart/?view=Writer&id=ethancoen.htm | /people/chart/?view=Writer&id=joelcoen.htm | ,Josh Brolin | George Clooney | Ralph Fiennes | Tilda Swinton | Channing Tatum | Scarlett Johansson | Jonah Hill | ,/people/chart/?view=Actor&id=joshbrolin.htm | /people/chart/?view=Actor&id=georgeclooney.htm | /people/chart/?view=Actor&id=ralphfiennes.htm | /people/chart/?view=Actor&id=tildaswinton.htm | /people/chart/?view=Actor&id=channingtatum.htm | /people/chart/?view=Actor&id=scarlettjohansson.htm | /people/chart/?view=Actor&id=jonahhill.htm | ,Tim Bevan | Ethan Coen | Joel Coen | Eric Fellner | ,/people/chart/?view=Producer&id=timbevan.htm | /people/chart/?view=Producer&id=ethancoen.htm | /people/chart/?view=Producer&id=joelcoen.htm | /people/chart/?view=Producer&id=ericfellner.htm | ,Roger Deakins | ,/people/chart/?view=Cinematographer&id=rogerdeakins.htm | ,Carter Burwell | ,/people/chart/?view=Composer&id=carterburwell.htm | 
89,Zoolander 2,http://www.boxofficemojo.com//movies/?id=zoolander2.htm,28848693,3418,13841146,3394,2/12,3/31,N/A,Par.,Comedy,1 hrs. 40 min.,PG-13,Ben Stiller | ,/people/chart/?view=Director&id=benstiller.htm | ,Ben Stiller | Nick Stoller | ,/people/chart/?view=Writer&id=benstiller.htm | /people/chart/?view=Writer&id=nickstoller.htm | ,Penelope Cruz | Will Ferrell | Ben Stiller | Kristen Wiig | Owen Wilson | ,/people/chart/?view=Actor&id=penelopecruz.htm | /people/chart/?view=Actor&id=willferrell.htm | /people/chart/?view=Actor&id=benstiller.htm | /people/chart/?view=Actor&id=kristenwiig.htm | /people/chart/?view=Actor&id=owenwilson.htm | ,,,,,,
91,The Finest Hours,http://www.boxofficemojo.com//movies/?id=finesthours.htm,27569558,3143,10288932,3143,1/29,4/7,N/A,BV,Thriller,1 hrs. 49 min.,PG-13,Craig Gillespie | ,/people/chart/?view=Director&id=craiggillespie.htm | ,,,Kyle Gallner | Chris Pine | Casey Affleck | ,/people/chart/?view=Actor&id=kylegallner.htm | /people/chart/?view=Actor&id=chrispine.htm | /people/chart/?view=Actor&id=caseyaffleck.htm | ,,,,,Carter Burwell | ,/people/chart/?view=Composer&id=carterburwell.htm | 
93,Hell or High Water,http://www.boxofficemojo.com//movies/?id=hellorhighwater.htm,27007844,1505,621329,32,8/26,11/17,$12 million,LGF,Action Drama,1 hrs. 42 min.,R,,,,,Jeff Bridges | Chris Pine | Ben Foster | ,/people/chart/?view=Actor&id=jeffbridges.htm | /people/chart/?view=Actor&id=chrispine.htm | /people/chart/?view=Actor&id=benfoster.htm | ,Sidney Kimmel | Peter Berg | Julie Yorn | ,/people/chart/?view=Producer&id=sidneykimmel.htm | /people/chart/?view=Producer&id=peterberg.htm | /people/chart/?view=Producer&id=julieyorn.htm | ,,,Nick Cave | Warren Ellis | ,/people/chart/?view=Composer&id=nickcave.htm | /people/chart/?view=Composer&id=warrenellis.htm | 
95,Ben-Hur (2016),http://www.boxofficemojo.com//movies/?id=benhur2016.htm,26410477,3084,11203815,3084,8/19,10/6,$100 million,Par.,Historical Epic,2 hrs. 3 min.,PG-13,Timur Bekmambetov | ,/people/chart/?view=Director&id=timurbekmambetov.htm | ,John Ridley | ,/people/chart/?view=Writer&id=johnridley.htm | ,Rodrigo Santoro | Morgan Freeman | ,/people/chart/?view=Actor&id=rodrigosantoro.htm | /people/chart/?view=Actor&id=morganfreeman.htm | ,,,,,,
97,Bridget Jones's Baby,http://www.boxofficemojo.com//movies/?id=bridgetjonessbaby.htm,24252420,2930,8571785,2927,9/16,12/15,$35 million,Uni.,Romantic Comedy,2 hrs. 2 min.,R,Sharon Maguire | ,/people/chart/?view=Director&id=sharonmaguire.htm | ,,,Colin Firth | Renee Zellweger | ,/people/chart/?view=Actor&id=colinfirth.htm | /people/chart/?view=Actor&id=reneezellweger.htm | ,,,,,,
99,Whiskey Tango Foxtrot,http://www.boxofficemojo.com//movies/?id=untitledtinafeycomedy.htm,23083334,2413,7450275,2374,3/4,4/28,$35 million,Par.,Comedy,1 hrs. 52 min.,R,Glenn Ficarra | John Requa | ,/people/chart/?view=Director&id=glennficarra.htm | /people/chart/?view=Director&id=johnrequa.htm | ,,,Tina Fey | Margot Robbie | Martin Freeman | Alfred Molina | Billy Bob Thornton | ,/people/chart/?view=Actor&id=tinafey.htm | /people/chart/?view=Actor&id=margotrobbie.htm | /people/chart/?view=Actor&id=martinfreeman.htm | /people/chart/?view=Actor&id=alfredmolina.htm | /people/chart/?view=Actor&id=billybobthornton.htm | ,Ian Bryce | Tina Fey | Lorne Michaels | ,/people/chart/?view=Producer&id=ianbryce.htm | /people/chart/?view=Producer&id=tinafey.htm | /people/chart/?view=Producer&id=lornemichaels.htm | ,,,,
2,Finding Dory,http://www.boxofficemojo.com//movies/?id=pixar2015.htm,486295561,4305,135060273,4305,6/17,12/8,N/A,BV,Animation,1 hrs. 43 min.,PG,Andrew Stanton | ,/people/chart/?view=Director&id=andrewstanton.htm | ,Andrew Stanton | ,/people/chart/?view=Writer&id=andrewstanton.htm | ,Ellen DeGeneres | Albert Brooks | Ty Burrell* | Diane Keaton* | Idris Elba* | Andrew Stanton* | Bob Peterson* | Sigourney Weaver* | ,/people/chart/?view=Actor&id=ellendegeneres.htm | /people/chart/?view=Actor&id=albertbrooks.htm | /people/chart/?view=Actor&id=tyburrell.htm | /people/chart/?view=Actor&id=dianekeaton.htm | /people/chart/?view=Actor&id=idriselba.htm | /people/chart/?view=Actor&id=andrewstanton.htm | /people/chart/?view=Actor&id=bobpeterson.htm | /people/chart/?view=Actor&id=sigourneyweaver.htm | ,,,,,Thomas Newman | ,/people/chart/?view=Composer&id=thomasnewman.htm | 
4,The Secret Life of Pets,http://www.boxofficemojo.com//movies/?id=illumination2015.htm,368384330,4381,104352905,4370,7/8,12/29,$75 million,Uni.,Animation,1 hrs. 30 min.,PG,Chris Renaud | ,/people/chart/?view=Director&id=chrisrenaud.htm | ,Ken Daurio | Cinco Paul | ,/people/chart/?view=Writer&id=kendaurio.htm | /people/chart/?view=Writer&id=cincopaul.htm | ,Dana Carvey* | Kevin Hart | ,/people/chart/?view=Actor&id=danacarvey.htm | /people/chart/?view=Actor&id=kevinhart.htm | ,Janet Healy | Christopher Meledandri | ,/people/chart/?view=Producer&id=janethealy.htm | /people/chart/?view=Producer&id=christophermeledandri.htm | ,,,Alexandre Desplat | ,/people/chart/?view=Composer&id=alexandredesplat.htm | 
6,Deadpool,http://www.boxofficemojo.com//movies/?id=deadpool2016.htm,363070709,3856,132434639,3558,2/12,6/16,$58 million,Fox,Action,1 hrs. 46 min.,R,,,Rhett Reese | Paul Wernick | ,/people/chart/?view=Writer&id=rhettreese.htm | /people/chart/?view=Writer&id=paulwernick.htm | ,Ryan Reynolds | ,/people/chart/?view=Actor&id=ryanreynolds.htm | ,Lauren Schuler Donner | Simon Kinberg | Ryan Reynolds | ,/people/chart/?view=Producer&id=laurenschulerdonner.htm | /people/chart/?view=Producer&id=simonkinberg.htm | /people/chart/?view=Producer&id=ryanreynolds.htm | ,,,Junkie XL | ,/people/chart/?view=Composer&id=junkiexl.htm | 
8,Batman v Superman: Dawn of Justice,http://www.boxofficemojo.com//movies/?id=superman2015.htm,330360194,4256,166007347,4242,3/25,6/16,$250 million,WB,Action / Adventure,2 hrs. 31 min.,PG-13,Zack Snyder | ,/people/chart/?view=Director&id=zacksnyder.htm | ,David S. Goyer | Chris Terrio | ,/people/chart/?view=Writer&id=davidsgoyer.htm | /people/chart/?view=Writer&id=christerrio.htm | ,Henry Cavill | Ben Affleck | Gal Gadot | Jesse Eisenberg | Jeremy Irons | Amy Adams | Laurence Fishburne | Diane Lane | Holly Hunter | Kevin Costner* | ,/people/chart/?view=Actor&id=henrycavill.htm | /people/chart/?view=Actor&id=benaffleck.htm | /people/chart/?view=Actor&id=galgadot.htm | /people/chart/?view=Actor&id=jesseeisenberg.htm | /people/chart/?view=Actor&id=jeremyirons.htm | /people/chart/?view=Actor&id=amyadams.htm | /people/chart/?view=Actor&id=laurencefishburne.htm | /people/chart/?view=Actor&id=dianelane.htm | /people/chart/?view=Actor&id=hollyhunter.htm | /people/chart/?view=Actor&id=kevincostner.htm | ,David S. Goyer | Charles Roven | Deborah Snyder | ,/people/chart/?view=Producer&id=davidsgoyer.htm | /people/chart/?view=Producer&id=charlesroven.htm | /people/chart/?view=Producer&id=deborahsnyder.htm | ,Larry Fong | ,/people/chart/?view=Cinematographer&id=larryfong.htm | ,Junkie XL | Hans Zimmer | ,/people/chart/?view=Composer&id=junkiexl.htm | /people/chart/?view=Composer&id=hanszimmer.htm | 
10,Sing,http://www.boxofficemojo.com//movies/?id=illumination2016.htm,270329045,4029,35258145,4022,12/21,5/4,$75 million,Uni.,Animation,1 hrs. 50 min.,PG,Garth Jennings | ,/people/chart/?view=Director&id=garthjennings.htm | ,Garth Jennings | ,/people/chart/?view=Writer&id=garthjennings.htm | ,Matthew McConaughey | Reese Witherspoon | Seth MacFarlane | Scarlett Johansson | John C. Reilly | Taron Egerton | ,/people/chart/?view=Actor&id=matthewmcconaughey.htm | /people/chart/?view=Actor&id=reesewitherspoon.htm | /people/chart/?view=Actor&id=sethmacfarlane.htm | /people/chart/?view=Actor&id=scarlettjohansson.htm | /people/chart/?view=Actor&id=johncreilly.htm | /people/chart/?view=Actor&id=taronegerton.htm | ,Janet Healy | Christopher Meledandri | ,/people/chart/?view=Producer&id=janethealy.htm | /people/chart/?view=Producer&id=christophermeledandri.htm | ,,,Joby Talbot | ,/people/chart/?view=Composer&id=jobytalbot.htm | 
12,Fantastic Beasts and Where To Find Them,http://www.boxofficemojo.com//movies/?id=fantasticbeasts.htm,234037575,4144,74403387,4144,11/18,3/30,$180 million,WB,Fantasy,2 hrs. 20 min.,PG-13,David Yates | ,/people/chart/?view=Director&id=davidyates.htm | ,,,Eddie Redmayne | Katherine Waterston | Ezra Miller | Dan Fogler | Colin Farrell | Jon Voight | Ron Perlman | ,/people/chart/?view=Actor&id=eddieredmayne.htm | /people/chart/?view=Actor&id=katherinewaterston.htm | /people/chart/?view=Actor&id=ezramiller.htm | /people/chart/?view=Actor&id=danfogler.htm | /people/chart/?view=Actor&id=colinfarrell.htm | /people/chart/?view=Actor&id=jonvoight.htm | /people/chart/?view=Actor&id=ronperlman.htm | ,,,,,James Newton Howard | ,/people/chart/?view=Composer&id=jamesnewtonhoward.htm | 
14,The Revenant,http://www.boxofficemojo.com//movies/?id=revenant.htm,183637894,3711,474560,4,1/8,5/26,$135 million,Fox,Action / Adventure,2 hrs. 31 min.,R,Alejandro González Iñárritu | ,/people/chart/?view=Director&id=alejandrogonzalezinarritu.htm | ,Alejandro González Iñárritu | ,/people/chart/?view=Writer&id=alejandrogonzalezinarritu.htm | ,Leonardo DiCaprio | Tom Hardy | Lukas Haas | ,/people/chart/?view=Actor&id=leonardodicaprio.htm | /people/chart/?view=Actor&id=tomhardy.htm | /people/chart/?view=Actor&id=lukashaas.htm | ,Steve Golin | Alejandro González Iñárritu | Arnon Milchan | ,/people/chart/?view=Producer&id=stevegolin.htm | /people/chart/?view=Producer&id=alejandrogonzalezinarritu.htm | /people/chart/?view=Producer&id=arnonmilchan.htm | ,,,,
16,Star Trek Beyond,http://www.boxofficemojo.com//movies/?id=startrek2016.htm,158848340,3928,59253211,3928,7/22,10/20,$185 million,Par.,Sci-Fi Adventure,2 hrs. 0 min.,PG-13,Justin Lin | ,/people/chart/?view=Director&id=justinlin.htm | ,Simon Pegg | ,/people/chart/?view=Writer&id=simonpegg.htm | ,Sofia Boutella | Idris Elba | Simon Pegg | Chris Pine | Zoe Saldana | Karl Urban | Anton Yelchin | ,/people/chart/?view=Actor&id=sofiaboutella.htm | /people/chart/?view=Actor&id=idriselba.htm | /people/chart/?view=Actor&id=simonpegg.htm | /people/chart/?view=Actor&id=chrispine.htm | /people/chart/?view=Actor&id=zoesaldana.htm | /people/chart/?view=Actor&id=karlurban.htm | /people/chart/?view=Actor&id=antonyelchin.htm | ,J.J. Abrams | Bryan Burk | David Ellison | Roberto Orci | ,/people/chart/?view=Producer&id=jjabrams.htm | /people/chart/?view=Producer&id=bryanburk.htm | /people/chart/?view=Producer&id=davidellison.htm | /people/chart/?view=Producer&id=robertoorci.htm | ,,,Michael Giacchino | ,/people/chart/?view=Composer&id=michaelgiacchino.htm | 
18,Trolls,http://www.boxofficemojo.com//movies/?id=trolls.htm,153707064,4066,46581142,4060,11/4,3/30,$125 million,Fox,Animation,1 hrs. 34 min.,PG,Mike Mitchell | ,/people/chart/?view=Director&id=mikemitchell.htm | ,Jonathan Aibel | Glenn Berger | ,/people/chart/?view=Writer&id=jonathanaibel.htm | /people/chart/?view=Writer&id=glennberger.htm | ,Anna Kendrick | Justin Timberlake | Russell Brand | Zooey Deschanel | Christopher Mintz-Plasse | Quvenzhane Wallis | ,/people/chart/?view=Actor&id=annakendrick.htm | /people/chart/?view=Actor&id=justintimberlake.htm | /people/chart/?view=Actor&id=russellbrand.htm | /people/chart/?view=Actor&id=zooeydeschanel.htm | /people/chart/?view=Actor&id=christophermintzplasse.htm | /people/chart/?view=Actor&id=quvenzhanewallis.htm | ,,,,,Christophe Beck | ,/people/chart/?view=Composer&id=christophebeck.htm | 
20,Kung Fu Panda 3,http://www.boxofficemojo.com//movies/?id=kungfupanda3.htm,143528619,3987,41282042,3955,1/29,7/21,$145 million,Fox,Animation,1 hrs. 35 min.,PG,Jennifer Yuh Nelson | ,/people/chart/?view=Director&id=jenniferyuhnelson.htm | ,Jonathan Aibel | Glenn Berger | ,/people/chart/?view=Writer&id=jonathanaibel.htm | /people/chart/?view=Writer&id=glennberger.htm | ,Jack Black | Jackie Chan | Bryan Cranston | Dustin Hoffman | Kate Hudson | Angelina Jolie | Lucy Liu | Seth Rogen | ,/people/chart/?view=Actor&id=jackblack.htm | /people/chart/?view=Actor&id=jackiechan.htm | /people/chart/?view=Actor&id=bryancranston.htm | /people/chart/?view=Actor&id=dustinhoffman.htm | /people/chart/?view=Actor&id=katehudson.htm | /people/chart/?view=Actor&id=angelinajolie.htm | /people/chart/?view=Actor&id=lucyliu.htm | /people/chart/?view=Actor&id=sethrogen.htm | ,,,,,Hans Zimmer | ,/people/chart/?view=Composer&id=hanszimmer.htm | 
22,Central Intelligence,http://www.boxofficemojo.com//movies/?id=centralintelligence.htm,127440871,3508,35535250,3508,6/17,9/1,$50 million,WB (NL),Comedy,1 hrs. 47 min.,PG-13,Rawson Marshall Thurber | ,/people/chart/?view=Director&id=rawsonthurber.htm | ,,,Dwayne Johnson | Kevin Hart | Amy Ryan | ,/people/chart/?view=Actor&id=rock.htm | /people/chart/?view=Actor&id=kevinhart.htm | /people/chart/?view=Actor&id=amyryan.htm | ,Scott Stuber | ,/people/chart/?view=Producer&id=scottstuber.htm | ,,,Ludwig Goransson | ,/people/chart/?view=Composer&id=ludwiggoransson.htm | 
24,Sully,http://www.boxofficemojo.com//movies/?id=sully.htm,125070033,3955,35028301,3525,9/9,1/26,$60 million,WB,Drama,1 hrs. 36 min.,PG-13,Clint Eastwood | ,/people/chart/?view=Director&id=clinteastwood.htm | ,,,Aaron Eckhart | Tom Hanks | Laura Linney | ,/people/chart/?view=Actor&id=aaroneckhart.htm | /people/chart/?view=Actor&id=tomhanks.htm | /people/chart/?view=Actor&id=lauralinney.htm | ,,,,,,
26,The Angry Birds Movie,http://www.boxofficemojo.com//movies/?id=angrybirds.htm,107509366,3932,38155177,3932,5/20,9/15,$73 million,Sony,Animation,1 hrs. 37 min.,PG,,,,,Jason Sudeikis | Josh Gad | Danny McBride | Sean Penn | ,/people/chart/?view=Actor&id=jasonsudeikis.htm | /people/chart/?view=Actor&id=joshgad.htm | /people/chart/?view=Actor&id=dannymcbride.htm | /people/chart/?view=Actor&id=seanpenn.htm | ,,,,,,
28,The Conjuring 2,http://www.boxofficemojo.com//movies/?id=conjuring2.htm,102470008,3356,40406314,3343,6/10,8/25,$40 million,WB (NL),Horror,2 hrs. 14 min.,R,James Wan | ,/people/chart/?view=Director&id=jameswan.htm | ,Carey Hayes | Chad Hayes | James Wan | David Leslie Johnson | ,/people/chart/?view=Writer&id=careyhayes.htm | /people/chart/?view=Writer&id=chadhayes.htm | /people/chart/?view=Writer&id=jameswan.htm | /people/chart/?view=Writer&id=davidlesliejohnson.htm | ,Vera Farmiga | Patrick Wilson | ,/people/chart/?view=Actor&id=verafarmiga.htm | /people/chart/?view=Actor&id=patrickwilson.htm | ,,,Don Burgess | ,/people/chart/?view=Cinematographer&id=donburgess.htm | ,Joseph Bishara | ,/people/chart/?view=Composer&id=josephbishara.htm | 
30,Passengers (2016),http://www.boxofficemojo.com//movies/?id=passengers2016.htm,100014699,3478,14869736,3478,12/21,4/20,$110 million,Sony,Sci-Fi,1 hrs. 56 min.,PG-13,Morten Tyldum | ,/people/chart/?view=Director&id=mortentyldum.htm | ,Jon Spaihts | ,/people/chart/?view=Writer&id=jonspaihts.htm | ,Jennifer Lawrence | Chris Pratt | Michael Sheen | Laurence Fishburne | ,/people/chart/?view=Actor&id=jenniferlawrence.htm | /people/chart/?view=Actor&id=chrispratt.htm | /people/chart/?view=Actor&id=michaelsheen.htm | /people/chart/?view=Actor&id=laurencefishburne.htm | ,,,,,Thomas Newman | ,/people/chart/?view=Composer&id=thomasnewman.htm | 
32,The Magnificent Seven (2016),http://www.boxofficemojo.com//movies/?id=themagnificentseven.htm,93432655,3696,34703397,3674,9/23,1/5,$90 million,Sony,Western,2 hrs. 13 min.,PG-13,Antoine Fuqua | ,/people/chart/?view=Director&id=antoinefuqua.htm | ,John Lee Hancock | ,/people/chart/?view=Writer&id=johnleehancock.htm | ,Cam Gigandet | Ethan Hawke | Chris Pratt | Peter Sarsgaard | Denzel Washington | ,/people/chart/?view=Actor&id=camgigandet.htm | /people/chart/?view=Actor&id=ethanhawke.htm | /people/chart/?view=Actor&id=chrispratt.htm | /people/chart/?view=Actor&id=petersarsgaard.htm | /people/chart/?view=Actor&id=denzelwashington.htm | ,,,,,James Horner | ,/people/chart/?view=Composer&id=jameshorner.htm | 
34,Don't Breathe,http://www.boxofficemojo.com//movies/?id=dontbreathe.htm,89217875,3384,26411706,3051,8/26,12/22,$9.9 million,SGem,Horror Thriller,1 hrs. 28 min.,R,Fede Alvarez | ,/people/chart/?view=Director&id=fedealvarez.htm | ,Fede Alvarez | Rodo Sayagues Mendez | ,/people/chart/?view=Writer&id=fedealvarez.htm | /people/chart/?view=Writer&id=rodomendez.htm | ,,,Sam Raimi | Fede Alvarez | ,/people/chart/?view=Producer&id=samraimi.htm | /people/chart/?view=Producer&id=fedealvarez.htm | ,,,,
36,The Accountant,http://www.boxofficemojo.com//movies/?id=theaccountant.htm,86260045,3402,24710273,3332,10/14,1/12,$44 million,WB,Drama,2 hrs. 8 min.,R,Gavin O'Connor | ,/people/chart/?view=Director&id=gavinoconnor.htm | ,Bill Dubuque | ,/people/chart/?view=Writer&id=billdubuque.htm | ,Ben Affleck | Anna Kendrick | ,/people/chart/?view=Actor&id=benaffleck.htm | /people/chart/?view=Actor&id=annakendrick.htm | ,,,,,,
38,The Purge: Election Year,http://www.boxofficemojo.com//movies/?id=purge3.htm,79213375,2821,31515110,2796,7/1,10/13,$10 million,Uni.,Thriller,1 hrs. 45 min.,R,,,,,Frank Grillo | ,/people/chart/?view=Actor&id=frankgrillo.htm | ,,,,,Nathan Whitehead | ,/people/chart/?view=Composer&id=nathanwhitehead.htm | 
40,Pete's Dragon (2016),http://www.boxofficemojo.com//movies/?id=petesdragon2016.htm,76233151,3702,21514095,3702,8/12,12/15,$65 million,BV,Family,1 hrs. 42 min.,PG,,,,,Bryce Dallas Howard | Robert Redford | Karl Urban | ,/people/chart/?view=Actor&id=brycedallashoward.htm | /people/chart/?view=Actor&id=robertredford.htm | /people/chart/?view=Actor&id=karlurban.htm | ,,,,,,
42,Boo! A Madea Halloween,http://www.boxofficemojo.com//movies/?id=booamadeahalloween.htm,73206343,2299,28501448,2260,10/21,12/22,$20 million,LGF,Horror Comedy,1 hrs. 43 min.,PG-13,Tyler Perry | ,/people/chart/?view=Director&id=tylerperry.htm | ,Tyler Perry | ,/people/chart/?view=Writer&id=tylerperry.htm | ,Tyler Perry | Bella Thorne | ,/people/chart/?view=Actor&id=tylerperry.htm | /people/chart/?view=Actor&id=bellathorne.htm | ,Ozzie Areu | Tyler Perry | ,/people/chart/?view=Producer&id=ozzieareu.htm | /people/chart/?view=Producer&id=tylerperry.htm | ,,,,
44,10 Cloverfield Lane,http://www.boxofficemojo.com//movies/?id=badrobot2016.htm,72082998,3427,24727437,3391,3/11,6/2,N/A,Par.,Thriller,1 hrs. 45 min.,PG-13,,,Damien Chazelle | ,/people/chart/?view=Writer&id=damienchazelle.htm | ,Mary Elizabeth Winstead | John Goodman | ,/people/chart/?view=Actor&id=maryelizabethwinstead.htm | /people/chart/?view=Actor&id=johngoodman.htm | ,J.J. Abrams | ,/people/chart/?view=Producer&id=jjabrams.htm | ,,,,
46,Hacksaw Ridge,http://www.boxofficemojo.com//movies/?id=hacksawridge.htm,67209615,2971,15190758,2886,11/4,3/9,$40 million,LGF,Action Drama,2 hrs. 11 min.,R,Mel Gibson | ,/people/chart/?view=Director&id=melgibson.htm | ,,,Andrew Garfield | Sam Worthington | Luke Bracey | Teresa Palmer | Hugo Weaving | Vince Vaughn | ,/people/chart/?view=Actor&id=andrewgarfield.htm | /people/chart/?view=Actor&id=samworthington.htm | /people/chart/?view=Actor&id=lukebracey.htm | /people/chart/?view=Actor&id=teresapalmer.htm | /people/chart/?view=Actor&id=hugoweaving.htm | /people/chart/?view=Actor&id=vincevaughn.htm | ,,,,,,
48,Now You See Me 2,http://www.boxofficemojo.com//movies/?id=nowyouseeme2.htm,65075540,3232,22383146,3232,6/10,8/25,N/A,LG/S,Thriller,2 hrs. 9 min.,PG-13,Jon Chu | ,/people/chart/?view=Director&id=jonchu.htm | ,,,Mark Ruffalo | Woody Harrelson | Jesse Eisenberg | Dave Franco | Morgan Freeman | Michael Caine | Daniel Radcliffe | ,/people/chart/?view=Actor&id=markruffalo.htm | /people/chart/?view=Actor&id=woodyharrelson.htm | /people/chart/?view=Actor&id=jesseeisenberg.htm | /people/chart/?view=Actor&id=davefranco.htm | /people/chart/?view=Actor&id=morganfreeman.htm | /people/chart/?view=Actor&id=michaelcaine.htm | /people/chart/?view=Actor&id=danielradcliffe.htm | ,Alex Kurtzman | Roberto Orci | ,/people/chart/?view=Producer&id=alexkurtzman.htm | /people/chart/?view=Producer&id=robertoorci.htm | ,,,Brian Tyler | ,/people/chart/?view=Composer&id=briantyler.htm | 
50,The Boss,http://www.boxofficemojo.com//movies/?id=michelledarnell.htm,63285885,3495,23586645,3480,4/8,8/4,$29 million,Uni.,Comedy,1 hrs. 39 min.,R,,,Melissa McCarthy | ,/people/chart/?view=Writer&id=melissamccarthy.htm | ,Melissa McCarthy | Kristen Bell | Kathy Bates | ,/people/chart/?view=Actor&id=melissamccarthy.htm | /people/chart/?view=Actor&id=kristenbell.htm | /people/chart/?view=Actor&id=kathybates.htm | ,Will Ferrell | Melissa McCarthy | Adam McKay | ,/people/chart/?view=Producer&id=willferrell.htm | /people/chart/?view=Producer&id=melissamccarthy.htm | /people/chart/?view=Producer&id=adammckay.htm | ,Julio Macat | ,/people/chart/?view=Cinematographer&id=juliomacat.htm | ,,
52,Miracles from Heaven,http://www.boxofficemojo.com//movies/?id=miraclesfromheaven.htm,61705123,3155,14812393,3047,3/16,7/21,$13 million,TriS,Drama,1 hrs. 49 min.,PG,,,,,Eugenio Derbez | Jennifer Garner | Queen Latifah | ,/people/chart/?view=Actor&id=eugenioderbez.htm | /people/chart/?view=Actor&id=jennifergarner.htm | /people/chart/?view=Actor&id=queenlatifah.htm | ,T.D. Jakes | Joe Roth | ,/people/chart/?view=Producer&id=tdjakes.htm | /people/chart/?view=Producer&id=joeroth.htm | ,,,,
54,Why Him?,http://www.boxofficemojo.com//movies/?id=whyhim.htm,60323786,3008,11002986,2917,12/23,3/23,$38 million,Fox,Comedy,1 hrs. 51 min.,R,,,,,James Franco | Bryan Cranston | Cedric the Entertainer | ,/people/chart/?view=Actor&id=jamesfranco.htm | /people/chart/?view=Actor&id=bryancranston.htm | /people/chart/?view=Actor&id=cedrictheentertainer.htm | ,,,,,,
56,Jack Reacher: Never Go Back,http://www.boxofficemojo.com//movies/?id=jackreacher2.htm,58697076,3780,22872490,3780,10/21,1/12,$60 million,Par.,Crime Drama,1 hrs. 58 min.,PG-13,Edward Zwick | ,/people/chart/?view=Director&id=edwardzwick.htm | ,,,Tom Cruise | ,/people/chart/?view=Actor&id=tomcruise.htm | ,Tom Cruise | David Ellison | ,/people/chart/?view=Producer&id=tomcruise.htm | /people/chart/?view=Producer&id=davidellison.htm | ,,,Henry Jackman | ,/people/chart/?view=Composer&id=henryjackman.htm | 
58,Me Before You,http://www.boxofficemojo.com//movies/?id=mebeforeyou.htm,56245075,2762,18723269,2704,6/3,8/18,$20 million,WB (NL),Romance,1 hrs. 50 min.,PG-13,,,,,,,,,,,,
60,Neighbors 2: Sorority Rising,http://www.boxofficemojo.com//movies/?id=universalcomedy2016.htm,55455765,3416,21760405,3384,5/20,7/14,N/A,Uni.,Comedy,1 hrs. 31 min.,R,Nick Stoller | ,/people/chart/?view=Director&id=nickstoller.htm | ,Evan Goldberg | Brendan O'Brien | Seth Rogen | Nick Stoller | ,/people/chart/?view=Writer&id=evangoldberg.htm | /people/chart/?view=Writer&id=brendanobrien.htm | /people/chart/?view=Writer&id=sethrogen.htm | /people/chart/?view=Writer&id=nickstoller.htm | ,Zac Efron | Rose Byrne | Seth Rogen | Chloe Moretz | ,/people/chart/?view=Actor&id=zacefron.htm | /people/chart/?view=Actor&id=rosebyrne.htm | /people/chart/?view=Actor&id=sethrogen.htm | /people/chart/?view=Actor&id=chloemoretz.htm | ,Evan Goldberg | Brendan O'Brien | Seth Rogen | James Weaver | ,/people/chart/?view=Producer&id=evangoldberg.htm | /people/chart/?view=Producer&id=brendanobrien.htm | /people/chart/?view=Producer&id=sethrogen.htm | /people/chart/?view=Producer&id=jamesweaver.htm | ,,,,
62,Office Christmas Party,http://www.boxofficemojo.com//movies/?id=officechristmasparty.htm,54767494,3210,17500000,3210,12/9,1/26,$45 million,Par.,Comedy,1 hrs. 45 min.,R,Josh Gordon | Will Speck | ,/people/chart/?view=Director&id=joshgordon.htm | /people/chart/?view=Director&id=willspeck.htm | ,Timothy Dowling | ,/people/chart/?view=Writer&id=timothydowling.htm | ,Jennifer Aniston | Jason Bateman | ,/people/chart/?view=Actor&id=jenniferaniston.htm | /people/chart/?view=Actor&id=jasonbateman.htm | ,Scott Stuber | ,/people/chart/?view=Producer&id=scottstuber.htm | ,,,,
64,Barbershop: The Next Cut,http://www.boxofficemojo.com//movies/?id=barbershop3.htm,54030051,2676,20242415,2661,4/15,7/14,N/A,WB (NL),Comedy,1 hrs. 52 min.,PG-13,Malcolm D. Lee | ,/people/chart/?view=Director&id=malcolmdlee.htm | ,,,Ice Cube | Cedric the Entertainer | Regina Hall | Common | Nicki Minaj | ,/people/chart/?view=Actor&id=icecube.htm | /people/chart/?view=Actor&id=cedrictheentertainer.htm | /people/chart/?view=Actor&id=reginahall.htm | /people/chart/?view=Actor&id=commonactor.htm | /people/chart/?view=Actor&id=nickiminaj.htm | ,,,,,,
66,The Huntsman: Winter's War,http://www.boxofficemojo.com//movies/?id=huntsman.htm,48390190,3802,19445035,3791,4/22,8/4,$115 million,Uni.,Action / Adventure,1 hrs. 54 min.,PG-13,,,Evan Spiliotopoulos | Craig Mazin | ,/people/chart/?view=Writer&id=evanspiliotopoulos.htm | /people/chart/?view=Writer&id=craigmazin.htm | ,Chris Hemsworth | Charlize Theron | Jessica Chastain | Emily Blunt | Nick Frost | Sophie Cookson | ,/people/chart/?view=Actor&id=chrishemsworth.htm | /people/chart/?view=Actor&id=charlizetheron.htm | /people/chart/?view=Actor&id=jessicachastain.htm | /people/chart/?view=Actor&id=emilyblunt.htm | /people/chart/?view=Actor&id=nickfrost.htm | /people/chart/?view=Actor&id=sophiecookson.htm | ,Joe Roth | ,/people/chart/?view=Producer&id=joeroth.htm | ,,,James Newton Howard | ,/people/chart/?view=Composer&id=jamesnewtonhoward.htm | 
68,Manchester by the Sea,http://www.boxofficemojo.com//movies/?id=manchesterbythesea.htm,47695371,1213,256498,4,12/16,4/27,$9 million,RAtt.,Drama,2 hrs. 15 min.,R,Kenneth Lonergan | ,/people/chart/?view=Director&id=kennethlonergan.htm | ,Kenneth Lonergan | ,/people/chart/?view=Writer&id=kennethlonergan.htm | ,Casey Affleck | Michelle Williams | ,/people/chart/?view=Actor&id=caseyaffleck.htm | /people/chart/?view=Actor&id=michellewilliams.htm | ,,,,,,
70,How to Be Single,http://www.boxofficemojo.com//movies/?id=howtobesingle.htm,46843513,3357,17878911,3343,2/12,4/14,$38 million,WB (NL),Romantic Comedy,1 hrs. 50 min.,R,,,,,Leslie Mann | Rebel Wilson | ,/people/chart/?view=Actor&id=lesliemann.htm | /people/chart/?view=Actor&id=rebelwilson.htm | ,,,,,,
72,War Dogs,http://www.boxofficemojo.com//movies/?id=armsandthedudes.htm,43034523,3258,14685305,3258,8/19,10/20,N/A,WB,Comedy / Drama,1 hrs. 54 min.,R,Todd Phillips | ,/people/chart/?view=Director&id=toddphillips.htm | ,,,Jonah Hill | Miles Teller | ,/people/chart/?view=Actor&id=jonahhill.htm | /people/chart/?view=Actor&id=milesteller.htm | ,,,Larry Sher | ,/people/chart/?view=Cinematographer&id=larrysher.htm | ,,
74,Money Monster,http://www.boxofficemojo.com//movies/?id=moneymonster.htm,41012075,3104,14788157,3104,5/13,8/4,$27 million,TriS,Drama / Thriller,1 hrs. 35 min.,R,Jodie Foster | ,/people/chart/?view=Director&id=jodiefoster.htm | ,,,George Clooney | Jack O'Connell | Julia Roberts | ,/people/chart/?view=Actor&id=georgeclooney.htm | /people/chart/?view=Actor&id=jackoconnell.htm | /people/chart/?view=Actor&id=juliaroberts.htm | ,George Clooney | Grant Heslov | ,/people/chart/?view=Producer&id=georgeclooney.htm | /people/chart/?view=Producer&id=grantheslov.htm | ,,,,
76,Nerve,http://www.boxofficemojo.com//movies/?id=nerve.htm,38583626,2538,9445456,2538,7/27,10/6,$19 million,LGF,Thriller,1 hrs. 36 min.,PG-13,Henry Joost | Ariel Schulman | ,/people/chart/?view=Director&id=henryjoost.htm | /people/chart/?view=Director&id=arielschulman.htm | ,,,Dave Franco | Emma Roberts | ,/people/chart/?view=Actor&id=davefranco.htm | /people/chart/?view=Actor&id=emmaroberts.htm | ,,,,,,
78,The Nice Guys,http://www.boxofficemojo.com//movies/?id=niceguys.htm,36261763,2865,11203270,2865,5/20,8/4,$50 million,WB,Comedy Thriller,1 hrs. 56 min.,R,Shane Black | ,/people/chart/?view=Director&id=shaneblack.htm | ,,,Ryan Gosling | Russell Crowe | Kim Basinger | ,/people/chart/?view=Actor&id=ryangosling.htm | /people/chart/?view=Actor&id=russellcrowe.htm | /people/chart/?view=Actor&id=kimbasinger.htm | ,,,,,,
80,Dirty Grandpa,http://www.boxofficemojo.com//movies/?id=dirtygrandpa.htm,35593113,2912,11111875,2912,1/22,3/17,$25 million,LGF,Comedy,1 hrs. 42 min.,R,,,,,Robert DeNiro | Zac Efron | Aubrey Plaza | Julianne Hough | ,/people/chart/?view=Actor&id=robertdeniro.htm | /people/chart/?view=Actor&id=zacefron.htm | /people/chart/?view=Actor&id=aubreyplaza.htm | /people/chart/?view=Actor&id=juliannehough.htm | ,,,,,,
82,The 5th Wave,http://www.boxofficemojo.com//movies/?id=5thwave.htm,34916787,2908,10326356,2908,1/22,5/26,$38 million,Sony,Sci-Fi Action,1 hrs. 52 min.,PG-13,,,,,Chloe Moretz | Ron Livingston | Liev Schreiber | ,/people/chart/?view=Actor&id=chloemoretz.htm | /people/chart/?view=Actor&id=ronlivingston.htm | /people/chart/?view=Actor&id=lievschreiber.htm | ,,,,,Henry Jackman | ,/people/chart/?view=Composer&id=henryjackman.htm | 
84,Mother's Day,http://www.boxofficemojo.com//movies/?id=mothersday.htm,32492859,3291,8369184,3035,4/29,6/16,$25 million,ORF,Comedy,1 hrs. 58 min.,PG-13,Garry Marshall | ,/people/chart/?view=Director&id=garrymarshall.htm | ,,,Jennifer Aniston | Kate Hudson | Timothy Olyphant | Julia Roberts | Jason Sudeikis | ,/people/chart/?view=Actor&id=jenniferaniston.htm | /people/chart/?view=Actor&id=katehudson.htm | /people/chart/?view=Actor&id=timothyolyphant.htm | /people/chart/?view=Actor&id=juliaroberts.htm | /people/chart/?view=Actor&id=jasonsudeikis.htm | ,,,,,,
86,Collateral Beauty,http://www.boxofficemojo.com//movies/?id=collateralbeauty.htm,31016021,3028,7102085,3028,12/16,2/9,$36 million,WB (NL),Drama,1 hrs. 34 min.,PG-13,David Frankel | ,/people/chart/?view=Director&id=davidfrankel.htm | ,Allan Loeb | ,/people/chart/?view=Writer&id=allanloeb.htm | ,Will Smith | Helen Mirren | Edward Norton | Naomie Harris | Keira Knightley | Kate Winslet | ,/people/chart/?view=Actor&id=willsmith.htm | /people/chart/?view=Actor&id=helenmirren.htm | /people/chart/?view=Actor&id=edwardnorton.htm | /people/chart/?view=Actor&id=naomieharris.htm | /people/chart/?view=Actor&id=keiraknightley.htm | /people/chart/?view=Actor&id=katewinslet.htm | ,,,Maryse Alberti | ,/people/chart/?view=Cinematographer&id=marysealberti.htm | ,,
88,When the Bough Breaks,http://www.boxofficemojo.com//movies/?id=whentheboughbreaks.htm,29747603,2246,14202323,2246,9/9,11/17,$10 million,SGem,Drama,1 hrs. 47 min.,PG-13,,,,,Morris Chestnut | Regina Hall | ,/people/chart/?view=Actor&id=morrischestnut.htm | /people/chart/?view=Actor&id=reginahall.htm | ,,,,,,
90,Moonlight (2016),http://www.boxofficemojo.com//movies/?id=moonlight2016.htm,27854932,1564,402075,4,11/18,5/4,$4 million,A24,Drama,1 hrs. 50 min.,R,,,,,Naomie Harris | ,/people/chart/?view=Actor&id=naomieharris.htm | ,,,,,,
92,Florence Foster Jenkins,http://www.boxofficemojo.com//movies/?id=florencefosterjenkins.htm,27383770,1528,6601313,1528,8/12,10/27,$29 million,Par.,Drama,1 hrs. 50 min.,PG-13,Stephen Frears | ,/people/chart/?view=Director&id=stephenfrears.htm | ,,,Rebecca Ferguson | Hugh Grant | Meryl Streep | ,/people/chart/?view=Actor&id=rebeccaferguson.htm | /people/chart/?view=Actor&id=hughgrant.htm | /people/chart/?view=Actor&id=merylstreep.htm | ,,,,,,
94,The Forest,http://www.boxofficemojo.com//movies/?id=forest.htm,26594261,2509,12741176,2451,1/8,3/17,$10 million,Focus,Horror,1 hrs. 35 min.,PG-13,,,,,,,,,,,,
96,The Witch,http://www.boxofficemojo.com//movies/?id=thewitch.htm,25138705,2204,8800230,2046,2/19,5/26,$4 million,A24,Horror,1 hrs. 32 min.,R,,,,,,,,,,,,
98,Kevin Hart: What Now?,http://www.boxofficemojo.com//movies/?id=kevinhart2016.htm,23591043,2567,11767210,2567,10/14,12/15,$9.9 million,Uni.,Concert,1 hrs. 36 min.,R,,,,,Kevin Hart | ,/people/chart/?view=Actor&id=kevinhart.htm | ,,,,,,
100,Snowden,http://www.boxofficemojo.com//movies/?id=snowden.htm,21587519,2443,8000058,2443,9/16,11/17,$40 million,ORF,Thriller,2 hrs. 14 min.,R,Oliver Stone | ,/people/chart/?view=Director&id=oliverstone.htm | ,,,Joseph Gordon-Levitt | Shailene Woodley | Melissa Leo | Tom Wilkinson | Rhys Ifans | Timothy Olyphant | ,/people/chart/?view=Actor&id=josephgordonlevitt.htm | /people/chart/?view=Actor&id=shailenewoodley.htm | /people/chart/?view=Actor&id=melissaleo.htm | /people/chart/?view=Actor&id=tomwilkinson.htm | /people/chart/?view=Actor&id=rhysifans.htm | /people/chart/?view=Actor&id=timothyolyphant.htm | ,,,,,,
101,Mechanic: Resurrection,http://www.boxofficemojo.com//movies/?id=mechanic2.htm,21218403,2258,7456525,2258,8/26,10/27,N/A,LG/S,Action,1 hrs. 39 min.,R,,,,,Jason Statham | Jessica Alba | Tommy Lee Jones | Michelle Yeoh | ,/people/chart/?view=Actor&id=jasonstatham.htm | /people/chart/?view=Actor&id=jessicaalba.htm | /people/chart/?view=Actor&id=tommyleejones.htm | /people/chart/?view=Actor&id=michelleyeoh.htm | ,,,,,,
103,Blair Witch,http://www.boxofficemojo.com//movies/?id=woods2016.htm,20777061,3121,9576057,3121,9/16,10/27,$5 million,LGF,Horror,1 hrs. 30 min.,R,Adam Wingard | ,/people/chart/?view=Director&id=adamwingard.htm | ,Simon Barrett | ,/people/chart/?view=Writer&id=simonbarrett.htm | ,,,,,,,,
105,Keanu,http://www.boxofficemojo.com//movies/?id=keanu.htm,20591853,2681,9453224,2658,4/29,6/30,$15 million,WB (NL),Comedy,1 hrs. 38 min.,R,,,,,Jordan Peele | Will Forte | Nia Long | ,/people/chart/?view=Actor&id=jordanpeele.htm | /people/chart/?view=Actor&id=willforte.htm | /people/chart/?view=Actor&id=nialong.htm | ,,,,,,
107,Nine Lives (2016),http://www.boxofficemojo.com//movies/?id=ninelives2016.htm,19700032,2264,6249915,2264,8/5,10/27,$30 million,EC,Comedy,1 hrs. 27 min.,PG,Barry Sonnenfeld | ,/people/chart/?view=Director&id=barrysonnenfeld.htm | ,,,Jennifer Garner | Kevin Spacey | Christopher Walken | ,/people/chart/?view=Actor&id=jennifergarner.htm | /people/chart/?view=Actor&id=kevinspacey.htm | /people/chart/?view=Actor&id=christopherwalken.htm | ,,,,,,
109,The Choice,http://www.boxofficemojo.com//movies/?id=thechoice.htm,18730891,2631,6050443,2631,2/5,3/31,N/A,LGF,Romance,1 hrs. 51 min.,PG-13,Ross Katz | ,/people/chart/?view=Director&id=rosskatz.htm | ,,,Teresa Palmer | Tom Wilkinson | ,/people/chart/?view=Actor&id=teresapalmer.htm | /people/chart/?view=Actor&id=tomwilkinson.htm | ,,,,,,
111,Bad Santa 2,http://www.boxofficemojo.com//movies/?id=badsanta2.htm,17782178,2945,6176680,2920,11/23,1/26,$26 million,BG,Comedy,1 hrs. 27 min.,R,Mark S. Waters | ,/people/chart/?view=Director&id=markswaters.htm | ,,,Kathy Bates | Tony Cox | Billy Bob Thornton | ,/people/chart/?view=Actor&id=kathybates.htm | /people/chart/?view=Actor&id=tonycox.htm | /people/chart/?view=Actor&id=billybobthornton.htm | ,,,,,,
113,Norm of the North,http://www.boxofficemojo.com//movies/?id=normofthenorth.htm,17062499,2411,6844137,2411,1/15,3/17,N/A,LGF,Animation,1 hrs. 30 min.,PG,,,,,Rob Schneider | ,/people/chart/?view=Actor&id=robschneider.htm | ,,,,,,
115,Eddie the Eagle,http://www.boxofficemojo.com//movies/?id=eddietheeagle.htm,15789389,2044,6084682,2042,2/26,5/26,$23 million,Fox,Drama,1 hrs. 45 min.,PG-13,,,,,Christopher Walken | Taron Egerton | Hugh Jackman | ,/people/chart/?view=Actor&id=christopherwalken.htm | /people/chart/?view=Actor&id=taronegerton.htm | /people/chart/?view=Actor&id=hughjackman.htm | ,Matthew Vaughn | ,/people/chart/?view=Producer&id=matthewvaughn.htm | ,,,,
117,Keeping Up with the Joneses,http://www.boxofficemojo.com//movies/?id=keepingupjoneses.htm,14904426,3022,5461475,3022,10/21,12/29,$40 million,Fox,Comedy,1 hrs. 41 min.,PG-13,Greg Mottola | ,/people/chart/?view=Director&id=gregmottola.htm | ,,,Isla Fisher | Gal Gadot | Zach Galifianakis | Jon Hamm | ,/people/chart/?view=Actor&id=islafisher.htm | /people/chart/?view=Actor&id=galgadot.htm | /people/chart/?view=Actor&id=zachgalifianakis.htm | /people/chart/?view=Actor&id=jonhamm.htm | ,,,,,,
119,Room,http://www.boxofficemojo.com//movies/?id=room2015.htm,14677654,862,118298,4,1/22,4/24,N/A,A24,Drama,1 hrs. 58 min.,R,,,,,Brie Larson | Joan Allen | William H. Macy | ,/people/chart/?view=Actor&id=brielarson.htm | /people/chart/?view=Actor&id=joanallen.htm | /people/chart/?view=Actor&id=williamhmacy.htm | ,,,,,,
121,The Edge of Seventeen,http://www.boxofficemojo.com//movies/?id=besties.htm,14431633,1945,4754215,1945,11/18,1/5,$9 million,STX,Comedy,1 hrs. 39 min.,R,,,,,Woody Harrelson | Hailee Steinfeld | ,/people/chart/?view=Actor&id=woodyharrelson.htm | /people/chart/?view=Actor&id=haileesteinfeld.htm | ,James L. Brooks | Richard Sakai | ,/people/chart/?view=Producer&id=jameslbrooks.htm | /people/chart/?view=Producer&id=richardsakai.htm | ,,,,
123,Hillary's America: The Secret History of the Democratic Party,http://www.boxofficemojo.com//movies/?id=hillarysamerica.htm,13099931,1217,74814,3,7/22,10/13,N/A,QF,Documentary,1 hrs. 40 min.,PG-13,Dinesh D'Souza | ,/people/chart/?view=Director&id=dineshdsouza.htm | ,Dinesh D'Souza | ,/people/chart/?view=Writer&id=dineshdsouza.htm | ,,,,,,,,
125,Triple 9,http://www.boxofficemojo.com//movies/?id=triplenine.htm,12639297,2205,6109085,2205,2/26,4/14,N/A,ORF,Thriller,1 hrs. 55 min.,R,John Hillcoat | ,/people/chart/?view=Director&id=johnhillcoat.htm | ,,,Casey Affleck | Chiwetel Ejiofor | Gal Gadot | Woody Harrelson | Anthony Mackie | Teresa Palmer | Michael K. Williams | Kate Winslet | ,/people/chart/?view=Actor&id=caseyaffleck.htm | /people/chart/?view=Actor&id=chiwetelejiofor.htm | /people/chart/?view=Actor&id=galgadot.htm | /people/chart/?view=Actor&id=woodyharrelson.htm | /people/chart/?view=Actor&id=anthonymackie.htm | /people/chart/?view=Actor&id=teresapalmer.htm | /people/chart/?view=Actor&id=michaelkwilliams.htm | /people/chart/?view=Actor&id=katewinslet.htm | ,,,,,,
127,Fifty Shades of Black,http://www.boxofficemojo.com//movies/?id=fiftyshadesofblack.htm,11686940,2075,5900528,2075,1/29,3/25,N/A,ORF,Comedy,1 hrs. 32 min.,R,Michael Tiddes | ,/people/chart/?view=Director&id=michaeltiddes.htm | ,Rick Alvarez | Marlon Wayans | ,/people/chart/?view=Writer&id=rickalvarez.htm | /people/chart/?view=Writer&id=marlonwayans.htm | ,Marlon Wayans | ,/people/chart/?view=Actor&id=marlonwayans.htm | ,,,,,,
129,Cafe Society,http://www.boxofficemojo.com//movies/?id=cafesociety.htm,11103205,631,359289,5,8/5,10/6,N/A,LGF,Comedy / Drama,1 hrs. 36 min.,PG-13,Woody Allen | ,/people/chart/?view=Director&id=woodallen.htm | ,Woody Allen | ,/people/chart/?view=Writer&id=woodallen.htm | ,Steve Carell | Jesse Eisenberg | Blake Lively | Parker Posey | Kristen Stewart | ,/people/chart/?view=Actor&id=stevecarell.htm | /people/chart/?view=Actor&id=jesseeisenberg.htm | /people/chart/?view=Actor&id=blakelively.htm | /people/chart/?view=Actor&id=parkerposey.htm | /people/chart/?view=Actor&id=kristenstewart.htm | ,,,,,,
131,The Darkness,http://www.boxofficemojo.com//movies/?id=bhtilt2016.htm,10753574,1769,4950859,1755,5/13,6/30,N/A,BH Tilt,Horror,1 hrs. 32 min.,PG-13,,,,,Kevin Bacon | Radha Mitchell | ,/people/chart/?view=Actor&id=kevinbacon.htm | /people/chart/?view=Actor&id=radhamitchell.htm | ,Jason Blum | ,/people/chart/?view=Producer&id=jasonblum.htm | ,,,,
133,The Lady in the Van,http://www.boxofficemojo.com//movies/?id=ladyinthevan.htm,10021175,602,N/A,N/A,2/26,6/9,N/A,SPC,Drama,1 hrs. 44 min.,PG-13,,,,,Maggie Smith | ,/people/chart/?view=Actor&id=maggiesmith.htm | ,,,,,,
135,Popstar: Never Stop Never Stopping,http://www.boxofficemojo.com//movies/?id=topsecretuntitledlonelyislandmovie.htm,9639125,2313,4698715,2311,6/3,7/28,N/A,Uni.,Comedy,1 hrs. 26 min.,R,Akiva Schaffer | Jorma Taccone | ,/people/chart/?view=Director&id=akivaschaffer.htm | /people/chart/?view=Director&id=jormataccone.htm | ,,,Andy Samberg | Akiva Schaffer | Jorma Taccone | ,/people/chart/?view=Actor&id=andysamberg.htm | /people/chart/?view=Actor&id=akivaschaffer.htm | /people/chart/?view=Actor&id=jormataccone.htm | ,Judd Apatow | Rodney Rothman | Andy Samberg | Akiva Schaffer | Jorma Taccone | ,/people/chart/?view=Producer&id=juddapatow.htm | /people/chart/?view=Producer&id=rodneyrothman.htm | /people/chart/?view=Producer&id=andysamberg.htm | /people/chart/?view=Producer&id=akivaschaffer.htm | /people/chart/?view=Producer&id=jormataccone.htm | ,,,,
137,Meet the Blacks,http://www.boxofficemojo.com//movies/?id=meettheblacks.htm,9097072,1015,4055940,1015,4/1,6/21,N/A,Free,Comedy,1 hrs. 33 min.,R,,,,,,,,,,,,
139,Ratchet & Clank,http://www.boxofficemojo.com//movies/?id=ratchetandclank.htm,8821329,2895,4869278,2891,4/29,6/2,N/A,Focus,Animation,1 hrs. 34 min.,PG,,,,,Rosario Dawson | Paul Giamatti | John Goodman | Sylvester Stallone | Bella Thorne | ,/people/chart/?view=Actor&id=rosariodawson.htm | /people/chart/?view=Actor&id=paulgiamatti.htm | /people/chart/?view=Actor&id=johngoodman.htm | /people/chart/?view=Actor&id=sylvesterstallone.htm | /people/chart/?view=Actor&id=bellathorne.htm | ,,,,,,
141,Shut In,http://www.boxofficemojo.com//movies/?id=shutin.htm,6900335,2058,3613567,2058,11/11,1/2,N/A,EC,Thriller,1 hrs. 31 min.,PG-13,,,,,Naomi Watts | ,/people/chart/?view=Actor&id=naomiwatts.htm | ,,,,,,
143,The Young Messiah,http://www.boxofficemojo.com//movies/?id=christthelord.htm,6490401,1769,3294876,1761,3/11,4/21,N/A,Focus,Historical Drama,1 hrs. 51 min.,PG-13,,,,,,,,,,,,
145,Bleed for This,http://www.boxofficemojo.com//movies/?id=bleedforthis.htm,5083906,1549,2366810,1549,11/18,12/15,$6 million,ORF,Sports Drama,1 hrs. 56 min.,R,,,,,Aaron Eckhart | Miles Teller | ,/people/chart/?view=Actor&id=aaroneckhart.htm | /people/chart/?view=Actor&id=milesteller.htm | ,,,,,,
147,Hands of Stone,http://www.boxofficemojo.com//movies/?id=handsofstone.htm,4712792,2011,1751388,810,8/26,10/13,N/A,Wein.,Drama,1 hrs. 45 min.,R,,,,,Robert DeNiro | Edgar Ramirez | ,/people/chart/?view=Actor&id=robertdeniro.htm | /people/chart/?view=Actor&id=edgarramirez.htm | ,,,,,,
149,Denial,http://www.boxofficemojo.com//movies/?id=denial.htm,4073489,648,93728,5,10/21,12/19,N/A,BST,Drama,1 hrs. 50 min.,PG-13,,,,,Rachel Weisz | Tom Wilkinson | ,/people/chart/?view=Actor&id=rachelweisz.htm | /people/chart/?view=Actor&id=tomwilkinson.htm | ,,,,,,
151,Max Steel,http://www.boxofficemojo.com//movies/?id=maxsteel.htm,3818664,2034,2182216,2034,10/14,11/3,N/A,ORF,Action,1 hrs. 32 min.,PG-13,,,,,,,,,,,,
153,Rules Don't Apply,http://www.boxofficemojo.com//movies/?id=rulesdontapply.htm,3652206,2386,1589625,2382,11/23,12/22,$25 million,Fox,Comedy / Drama,2 hrs. 6 min.,PG-13,Warren Beatty | ,/people/chart/?view=Director&id=warrenbeatty.htm | ,Warren Beatty | ,/people/chart/?view=Writer&id=warrenbeatty.htm | ,Lily Collins | Warren Beatty | Matthew Broderick | Alec Baldwin | Ed Harris | Annette Bening | Steve Coogan | ,/people/chart/?view=Actor&id=lilycollins.htm | /people/chart/?view=Actor&id=warrenbeatty.htm | /people/chart/?view=Actor&id=matthewbroderick.htm | /people/chart/?view=Actor&id=alecbaldwin.htm | /people/chart/?view=Actor&id=edharris.htm | /people/chart/?view=Actor&id=annettebening.htm | /people/chart/?view=Actor&id=stevecoogan.htm | ,,,,,,
155,Green Room,http://www.boxofficemojo.com//movies/?id=greenroom.htm,3220371,777,87984,3,5/13,7/14,N/A,A24,Thriller,1 hrs. 34 min.,R,Jeremy Saulnier | ,/people/chart/?view=Director&id=jeremysaulnier.htm | ,Jeremy Saulnier | ,/people/chart/?view=Writer&id=jeremysaulnier.htm | ,Macon Blair | Imogen Poots | Patrick Stewart | Anton Yelchin | ,/people/chart/?view=Actor&id=maconblair.htm | /people/chart/?view=Actor&id=imogenpoots.htm | /people/chart/?view=Actor&id=patrickstewart.htm | /people/chart/?view=Actor&id=antonyelchin.htm | ,,,,,,
157,Hillsong - Let Hope Rise,http://www.boxofficemojo.com//movies/?id=hillsong.htm,2394386,816,1357243,816,9/16,10/23,N/A,PFR,Documentary,1 hrs. 43 min.,PG,,,,,,,,,,,,
159,Billy Lynn's Long Halftime Walk,http://www.boxofficemojo.com//movies/?id=billylynn.htm,1738477,1176,114129,2,11/18,12/15,N/A,TriS,War,1 hrs. 50 min.,R,Ang Lee | ,/people/chart/?view=Director&id=anglee.htm | ,,,Vin Diesel | Garrett Hedlund | Steve Martin | Kristen Stewart | Chris Tucker | ,/people/chart/?view=Actor&id=vindiesel.htm | /people/chart/?view=Actor&id=garretthedlund.htm | /people/chart/?view=Actor&id=stevemartin.htm | /people/chart/?view=Actor&id=kristenstewart.htm | /people/chart/?view=Actor&id=christucker.htm | ,,,,,,
161,Jane Got a Gun,http://www.boxofficemojo.com//movies/?id=janegotagun.htm,1513793,1210,835572,1210,1/29,2/25,N/A,Wein.,Western,1 hrs. 38 min.,R,Gavin O'Connor | ,/people/chart/?view=Director&id=gavinoconnor.htm | ,Brian Duffield | ,/people/chart/?view=Writer&id=brianduffield.htm | ,Natalie Portman | Rodrigo Santoro | Ewan McGregor | ,/people/chart/?view=Actor&id=natalieportman.htm | /people/chart/?view=Actor&id=rodrigosantoro.htm | /people/chart/?view=Actor&id=ewanmcgregor.htm | ,Natalie Portman | ,/people/chart/?view=Producer&id=natalieportman.htm | ,Mandy Walker | ,/people/chart/?view=Cinematographer&id=mandywalker.htm | ,,
163,Believe (2016),http://www.boxofficemojo.com//movies/?id=believe2016.htm,890303,638,477387,638,12/2,1/5,N/A,Free,Family,1 hrs. 59 min.,PG,,,,,,,,,,,,
165,The Bounce Back,http://www.boxofficemojo.com//movies/?id=thebounceback.htm,321910,615,227354,615,12/9,12/22,N/A,VPD,Romantic Comedy,1 hrs. 44 min.,PG-13,,,,,,,,,,,,
102,Free State of Jones,http://www.boxofficemojo.com//movies/?id=freestateofjones.htm,20810036,2815,7572206,2815,6/24,7/28,$50 million,STX,Action Drama,2 hrs. 19 min.,R,Gary Ross | ,/people/chart/?view=Director&id=garyross.htm | ,Gary Ross | ,/people/chart/?view=Writer&id=garyross.htm | ,Matthew McConaughey | ,/people/chart/?view=Actor&id=matthewmcconaughey.htm | ,,,,,,
104,God's Not Dead 2,http://www.boxofficemojo.com//movies/?id=godsnotdead2.htm,20774575,2419,7623662,2419,4/1,7/21,N/A,PFR,Drama,2 hrs. 1 min.,PG,,,,,,,,,,,,
106,Middle School: The Worst Years of My Life,http://www.boxofficemojo.com//movies/?id=middleschool.htm,20007149,2822,6878437,2822,10/7,12/1,$8.5 million,LGF,Comedy,1 hrs. 29 min.,PG,Steve Carr | ,/people/chart/?view=Director&id=stevecarr.htm | ,,,,,,,Julio Macat | ,/people/chart/?view=Cinematographer&id=juliomacat.htm | ,,
108,Race (2016),http://www.boxofficemojo.com//movies/?id=race2016.htm,19206207,2387,7353922,2369,2/19,4/21,N/A,Focus,Drama,2 hrs. 14 min.,PG-13,Stephen Hopkins | ,/people/chart/?view=Director&id=stephenhopkins.htm | ,,,Jeremy Irons | Jason Sudeikis | William Hurt | ,/people/chart/?view=Actor&id=jeremyirons.htm | /people/chart/?view=Actor&id=jasonsudeikis.htm | /people/chart/?view=Actor&id=williamhurt.htm | ,,,,,,
110,Eye in the Sky,http://www.boxofficemojo.com//movies/?id=eyeinthesky.htm,18704595,1089,113803,5,4/1,7/21,N/A,BST,Drama / Thriller,1 hrs. 42 min.,R,,,,,Helen Mirren | Alan Rickman | ,/people/chart/?view=Actor&id=helenmirren.htm | /people/chart/?view=Actor&id=alanrickman.htm | ,,,,,,
112,Masterminds (2016),http://www.boxofficemojo.com//movies/?id=armored15.htm,17368022,3042,6541205,3042,9/30,11/10,N/A,Rela.,Comedy,1 hrs. 34 min.,PG-13,,,,,Zach Galifianakis | Owen Wilson | Kristen Wiig | ,/people/chart/?view=Actor&id=zachgalifianakis.htm | /people/chart/?view=Actor&id=owenwilson.htm | /people/chart/?view=Actor&id=kristenwiig.htm | ,Ryan Kavanaugh | Danny McBride | Lorne Michaels | Tucker Tooley | ,/people/chart/?view=Producer&id=ryankavanaugh.htm | /people/chart/?view=Producer&id=dannymcbride.htm | /people/chart/?view=Producer&id=lornemichaels.htm | /people/chart/?view=Producer&id=tuckertooley.htm | ,,,,
114,The Birth of a Nation,http://www.boxofficemojo.com//movies/?id=thebirthofanation.htm,15861566,2105,7004254,2105,10/7,12/8,$8.5 million,FoxS,Drama,1 hrs. 50 min.,R,,,,,Jackie Earle Haley | Armie Hammer | ,/people/chart/?view=Actor&id=jackieearlehaley.htm | /people/chart/?view=Actor&id=armiehammer.htm | ,,,Elliot Davis | ,/people/chart/?view=Cinematographer&id=elliotdavis.htm | ,Henry Jackman | ,/people/chart/?view=Composer&id=henryjackman.htm | 
116,The Infiltrator,http://www.boxofficemojo.com//movies/?id=theinfiltrator.htm,15436808,1601,5303775,1601,7/13,10/6,N/A,BG,Drama / Thriller,2 hrs. 7 min.,R,Brad Furman | ,/people/chart/?view=Director&id=bradfurman.htm | ,,,Bryan Cranston | John Leguizamo | Amy Ryan | ,/people/chart/?view=Actor&id=bryancranston.htm | /people/chart/?view=Actor&id=johnleguizamo.htm | /people/chart/?view=Actor&id=amyryan.htm | ,,,,,,
118,Criminal (2016),http://www.boxofficemojo.com//movies/?id=criminal2015.htm,14708696,2683,5767278,2683,4/15,5/26,N/A,LG/S,Action,1 hrs. 53 min.,R,,,,,Kevin Costner | Ryan Reynolds | Gary Oldman | Tommy Lee Jones | Gal Gadot | Alice Eve | ,/people/chart/?view=Actor&id=kevincostner.htm | /people/chart/?view=Actor&id=ryanreynolds.htm | /people/chart/?view=Actor&id=garyoldman.htm | /people/chart/?view=Actor&id=tommyleejones.htm | /people/chart/?view=Actor&id=galgadot.htm | /people/chart/?view=Actor&id=aliceeve.htm | ,,,,,Brian Tyler | ,/people/chart/?view=Composer&id=briantyler.htm | 
120,"Hello, My Name is Doris","http://www.boxofficemojo.com//movies/?id=hello,mynameisdoris.htm",14444999,979,84986,4,4/1,7/28,N/A,RAtt.,Comedy,1 hrs. 35 min.,R,,,,,Sally Field | ,/people/chart/?view=Actor&id=sallyfield.htm | ,,,,,,
122,Love & Friendship,http://www.boxofficemojo.com//movies/?id=lovefriendship.htm,14016568,826,133513,4,6/3,9/22,N/A,RAtt.,Comedy,1 hrs. 32 min.,PG,Whit Stillman | ,/people/chart/?view=Director&id=whitstillman.htm | ,Whit Stillman | ,/people/chart/?view=Writer&id=whitstillman.htm | ,Kate Beckinsale | Chloe Sevigny | ,/people/chart/?view=Actor&id=katebeckinsale.htm | /people/chart/?view=Actor&id=chloesevigny.htm | ,,,,,,
124,Carol,http://www.boxofficemojo.com//movies/?id=carol.htm,12711491,790,253510,4,1/15,3/31,N/A,Wein.,Drama,1 hrs. 58 min.,R,,,,,Cate Blanchett | Rooney Mara | Sarah Paulson | ,/people/chart/?view=Actor&id=cateblanchett.htm | /people/chart/?view=Actor&id=rooneymara.htm | /people/chart/?view=Actor&id=sarahpaulson.htm | ,,,,,Carter Burwell | ,/people/chart/?view=Composer&id=carterburwell.htm | 
126,The Light Between Oceans,http://www.boxofficemojo.com//movies/?id=lightbetweenoceans.htm,12545979,1500,4765838,1500,9/2,11/3,$20 million,BV,Drama,2 hrs. 12 min.,PG-13,Derek Cianfrance | ,/people/chart/?view=Director&id=derekcianfrance.htm | ,,,Michael Fassbender | Alicia Vikander | Rachel Weisz | ,/people/chart/?view=Actor&id=michaelfassbender.htm | /people/chart/?view=Actor&id=aliciavikander.htm | /people/chart/?view=Actor&id=rachelweisz.htm | ,,,,,,
128,The Danish Girl,http://www.boxofficemojo.com//movies/?id=danishgirl.htm,11114018,794,187318,4,1/22,3/17,N/A,Focus,Drama,2 hrs. 0 min.,R,Tom Hooper | ,/people/chart/?view=Director&id=tomhooper.htm | ,,,Eddie Redmayne | Alicia Vikander | Matthias Schoenaerts | Ben Whishaw | Amber Heard | ,/people/chart/?view=Actor&id=eddieredmayne.htm | /people/chart/?view=Actor&id=aliciavikander.htm | /people/chart/?view=Actor&id=matthiasschoenaerts.htm | /people/chart/?view=Actor&id=benwhishaw.htm | /people/chart/?view=Actor&id=amberheard.htm | ,,,,,Alexandre Desplat | ,/people/chart/?view=Composer&id=alexandredesplat.htm | 
130,Pride and Prejudice and Zombies,http://www.boxofficemojo.com//movies/?id=prideprejudicezombies.htm,10938134,2931,5324240,2931,2/5,3/3,$28 million,SGem,Comedy,1 hrs. 48 min.,PG-13,Burr Steers | ,/people/chart/?view=Director&id=burrsteers.htm | ,Burr Steers | ,/people/chart/?view=Writer&id=burrsteers.htm | ,Lena Headey | ,/people/chart/?view=Actor&id=lenaheadey.htm | ,Natalie Portman | ,/people/chart/?view=Producer&id=natalieportman.htm | ,,,,
132,Nocturnal Animals,http://www.boxofficemojo.com//movies/?id=nocturnalanimals.htm,10663357,1262,492648,37,12/9,1/26,N/A,Focus,Drama / Thriller,1 hrs. 55 min.,R,Tom Ford | ,/people/chart/?view=Director&id=tomford.htm | ,Tom Ford | ,/people/chart/?view=Writer&id=tomford.htm | ,Amy Adams | Jake Gyllenhaal | Aaron Johnson | Isla Fisher | Armie Hammer | Laura Linney | ,/people/chart/?view=Actor&id=amyadams.htm | /people/chart/?view=Actor&id=jakegyllenhaal.htm | /people/chart/?view=Actor&id=aaronjohnson.htm | /people/chart/?view=Actor&id=islafisher.htm | /people/chart/?view=Actor&id=armiehammer.htm | /people/chart/?view=Actor&id=lauralinney.htm | ,,,,,,
134,The Perfect Match,http://www.boxofficemojo.com//movies/?id=theperfectmatch.htm,9669521,925,4294232,925,3/11,4/28,N/A,LGF,Romantic Comedy,1 hrs. 36 min.,R,Bille Woodruff | ,/people/chart/?view=Director&id=billewoodruff.htm | ,,,Paula Patton | ,/people/chart/?view=Actor&id=paulapatton.htm | ,,,,,,
136,Hardcore Henry,http://www.boxofficemojo.com//movies/?id=hardcorehenry.htm,9252038,3015,5107604,3015,4/8,5/12,N/A,STX,Action Thriller,1 hrs. 35 min.,R,,,,,Sharlto Copley | ,/people/chart/?view=Actor&id=sharltocopley.htm | ,Timur Bekmambetov | ,/people/chart/?view=Producer&id=timurbekmambetov.htm | ,,,,
138,Queen of Katwe,http://www.boxofficemojo.com//movies/?id=queenofkatwe.htm,8874389,1259,304933,52,9/30,1/5,$15 million,BV,Sports Drama,2 hrs. 4 min.,PG,Mira Nair | ,/people/chart/?view=Director&id=miranair.htm | ,,,Lupita Nyong'o | David Oyelowo | ,/people/chart/?view=Actor&id=lupitanyongo.htm | /people/chart/?view=Actor&id=davidoyelowo.htm | ,,,,,,
140,The Wild Life (2016),http://www.boxofficemojo.com//movies/?id=thewildlife2016.htm,8005586,2493,3342696,2493,9/9,10/13,N/A,LG/S,Animation,1 hrs. 30 min.,PG,,,,,,,,,,,,
142,The Brothers Grimsby,http://www.boxofficemojo.com//movies/?id=grimsby.htm,6874837,2235,3258327,2235,3/11,4/14,N/A,Sony,Comedy,1 hrs. 23 min.,R,Louis Leterrier | ,/people/chart/?view=Director&id=louisleterrier.htm | ,,,Sacha Baron Cohen | Penelope Cruz | Mark Strong | Rebel Wilson | Gabourey Sidibe | Isla Fisher | ,/people/chart/?view=Actor&id=sachabaroncohen.htm | /people/chart/?view=Actor&id=penelopecruz.htm | /people/chart/?view=Actor&id=markstrong.htm | /people/chart/?view=Actor&id=rebelwilson.htm | /people/chart/?view=Actor&id=gaboureysidibe.htm | /people/chart/?view=Actor&id=islafisher.htm | ,,,,,,
144,Southside with You,http://www.boxofficemojo.com//movies/?id=southsidewithyou.htm,6304223,897,2868403,813,8/26,11/3,N/A,RAtt.,Drama,1 hrs. 21 min.,PG-13,,,,,,,,,,,,
146,Incarnate,http://www.boxofficemojo.com//movies/?id=untitledbhtilthorror2.htm,4799774,1737,2534884,1737,12/2,12/29,$5 million,BH Tilt,Horror,1 hrs. 31 min.,PG-13,Brad Peyton | ,/people/chart/?view=Director&id=bradpeyton.htm | ,,,Aaron Eckhart | ,/people/chart/?view=Actor&id=aaroneckhart.htm | ,,,,,,
148,Swiss Army Man,http://www.boxofficemojo.com//movies/?id=swissarmyman.htm,4210454,636,105453,3,7/1,9/29,N/A,A24,Comedy,1 hrs. 35 min.,R,,,,,Paul Dano | Daniel Radcliffe | Mary Elizabeth Winstead | ,/people/chart/?view=Actor&id=pauldano.htm | /people/chart/?view=Actor&id=danielradcliffe.htm | /people/chart/?view=Actor&id=maryelizabethwinstead.htm | ,,,,,,
150,Morgan,http://www.boxofficemojo.com//movies/?id=morgan.htm,3915251,2020,2012709,2020,9/2,10/6,$8 million,Fox,Sci-Fi Thriller,1 hrs. 32 min.,R,,,,,Kate Mara | Paul Giamatti | Michelle Yeoh | ,/people/chart/?view=Actor&id=katemara.htm | /people/chart/?view=Actor&id=paulgiamatti.htm | /people/chart/?view=Actor&id=michelleyeoh.htm | ,Ridley Scott | ,/people/chart/?view=Producer&id=ridleyscott.htm | ,,,,
152,Batman: The Killing Joke,http://www.boxofficemojo.com//movies/?id=batmankillingjoke.htm,3775000,1325,N/A,N/A,7/25,7/26,N/A,Fathom,Animation,1 hrs. 16 min.,R,,,,,Mark Hamill | ,/people/chart/?view=Actor&id=markhamill.htm | ,,,,,,
154,Miss Sloane,http://www.boxofficemojo.com//movies/?id=misssloane.htm,3500605,1648,59797,3,12/9,1/2,N/A,EC,Drama / Thriller,2 hrs. 12 min.,R,John Madden | ,/people/chart/?view=Director&id=johnmadden.htm | ,,,Jessica Chastain | Mark Strong | ,/people/chart/?view=Actor&id=jessicachastain.htm | /people/chart/?view=Actor&id=markstrong.htm | ,,,,,,
156,The Disappointments Room,http://www.boxofficemojo.com//movies/?id=disappointmentsroom.htm,2423468,1554,1402823,1554,9/9,10/27,$15 million,Rela.,Horror,1 hrs. 32 min.,R,D.J. Caruso | ,/people/chart/?view=Director&id=djcaruso.htm | ,,,Kate Beckinsale | ,/people/chart/?view=Actor&id=katebeckinsale.htm | ,Ryan Kavanaugh | Tucker Tooley | ,/people/chart/?view=Producer&id=ryankavanaugh.htm | /people/chart/?view=Producer&id=tuckertooley.htm | ,,,Brian Tyler | ,/people/chart/?view=Composer&id=briantyler.htm | 
158,Demolition,http://www.boxofficemojo.com//movies/?id=demolition.htm,1978592,862,1100042,854,4/8,4/21,N/A,FoxS,Drama,1 hrs. 41 min.,R,Jean-Marc Vallee | ,/people/chart/?view=Director&id=jeanmarcvallee.htm | ,,,Chris Cooper | Jake Gyllenhaal | Naomi Watts | ,/people/chart/?view=Actor&id=chriscooper.htm | /people/chart/?view=Actor&id=jakegyllenhaal.htm | /people/chart/?view=Actor&id=naomiwatts.htm | ,,,,,,
160,I Saw the Light,http://www.boxofficemojo.com//movies/?id=isawthelight.htm,1646788,741,45471,5,4/1,6/9,N/A,SPC,Drama,2 hrs. 3 min.,R,Marc Abraham | ,/people/chart/?view=Director&id=marcabraham.htm | ,Marc Abraham | ,/people/chart/?view=Writer&id=marcabraham.htm | ,Tom Hiddleston | Elizabeth Olsen | ,/people/chart/?view=Actor&id=tomhiddleston.htm | /people/chart/?view=Actor&id=elizabetholsen.htm | ,Brett Ratner | ,/people/chart/?view=Producer&id=brettratner.htm | ,,,,
162,The Neon Demon,http://www.boxofficemojo.com//movies/?id=theneondemon.htm,1333124,783,589014,783,6/24,8/4,N/A,BG,Horror Thriller,1 hrs. 57 min.,R,Nicolas Winding Refn | ,/people/chart/?view=Director&id=nicholaswindingrefn.htm | ,,,Elle Fanning | Jena Malone | Keanu Reeves | ,/people/chart/?view=Actor&id=ellefanning.htm | /people/chart/?view=Actor&id=jenamalone.htm | /people/chart/?view=Actor&id=keanureeves.htm | ,,,Natasha Braier | ,/people/chart/?view=Cinematographer&id=natashabraier.htm | ,,
164,The Bronze,http://www.boxofficemojo.com//movies/?id=bronze.htm,615816,1167,386328,1167,3/18,4/21,N/A,SPC,Comedy,1 hrs. 48 min.,R,,,,,Sebastian Stan | ,/people/chart/?view=Actor&id=sebastianstan.htm | ,,,,,,
